-- phpMyAdmin SQL Dump
-- version 5.2.1
-- https://www.phpmyadmin.net/
--
-- Host: 127.0.0.1
-- Generation Time: Dec 11, 2024 at 09:30 AM
-- Server version: 10.4.32-MariaDB
-- PHP Version: 8.2.12

SET SQL_MODE = "NO_AUTO_VALUE_ON_ZERO";
START TRANSACTION;
SET time_zone = "+00:00";


/*!40101 SET @OLD_CHARACTER_SET_CLIENT=@@CHARACTER_SET_CLIENT */;
/*!40101 SET @OLD_CHARACTER_SET_RESULTS=@@CHARACTER_SET_RESULTS */;
/*!40101 SET @OLD_COLLATION_CONNECTION=@@COLLATION_CONNECTION */;
/*!40101 SET NAMES utf8mb4 */;

--
-- Database: `ano-pos`
--

DELIMITER $$
--
-- Procedures
--
CREATE DEFINER=`root`@`localhost` PROCEDURE `InsertFakeProducts` ()   BEGIN
    DECLARE i INT DEFAULT 0;

    WHILE i < 50000 DO
        INSERT INTO product (product_name, type_id, color_id, size, mo_number)
        VALUES (
            CONCAT('Product', FLOOR(1 + (RAND() * 50000))),           -- Random product name
            3,                                                        -- type_id fixed as 3
            3,                                                        -- color_id fixed as 3
            FLOOR(1 + (RAND() * 100)),                                -- Random size between 1 and 100
            CONCAT('MO', FLOOR(10000 + (RAND() * 90000)))             -- Random mo_number in format 'MO[number]'
        );

        SET i = i + 1;
    END WHILE;
END$$

CREATE DEFINER=`root`@`localhost` PROCEDURE `InsertFakeSuppliers` ()   BEGIN
    DECLARE i INT DEFAULT 0;

    WHILE i < 50000 DO
        INSERT INTO suppliers (name, address, contact_person, phone, email, source, join_date)
        VALUES (
            CONCAT('SupplierName', FLOOR(1 + (RAND() * 50000))),          -- Random supplier name
            CONCAT('Address ', FLOOR(1 + (RAND() * 50000))),              -- Random address
            CONCAT('ContactPerson', FLOOR(1 + (RAND() * 50000))),         -- Random contact person
            CONCAT('09', FLOOR(100000000 + (RAND() * 899999999))),        -- Random phone number
            CONCAT('supplier', FLOOR(1 + (RAND() * 50000)), '@example.com'), -- Random email
            IF(RAND() > 0.5, 'Local', 'Foreign'),                         -- Random source, either 'Local' or 'Foreign'
            DATE_ADD('2020-01-01', INTERVAL FLOOR(RAND() * 1461) DAY)     -- Random join date within the last 4 years
        );

        SET i = i + 1;
    END WHILE;
END$$

DELIMITER ;

-- --------------------------------------------------------

--
-- Table structure for table `category`
--

CREATE TABLE `category` (
  `id` int(11) NOT NULL,
  `category_name` varchar(255) NOT NULL
) ENGINE=InnoDB DEFAULT CHARSET=utf8mb4 COLLATE=utf8mb4_general_ci;

--
-- Dumping data for table `category`
--

INSERT INTO `category` (`id`, `category_name`) VALUES
(1, 'Circle Box'),
(2, 'Square Box'),
(3, 'Oval Box'),
(5, 'hi');

-- --------------------------------------------------------

--
-- Table structure for table `color`
--

CREATE TABLE `color` (
  `id` int(11) NOT NULL,
  `color_name` varchar(255) NOT NULL,
  `color_code` varchar(25) NOT NULL
) ENGINE=InnoDB DEFAULT CHARSET=utf8mb4 COLLATE=utf8mb4_general_ci;

--
-- Dumping data for table `color`
--

INSERT INTO `color` (`id`, `color_name`, `color_code`) VALUES
(2, 'yellow', ''),
(3, 'white', ''),
(4, 'black', ''),
(5, 'gold', ''),
(6, 'pink', ''),
(7, 'brown', ''),
(27, 'Green', '#525B44'),
(29, 'Purple', '#CB9DF0'),
(30, 'Yellow', '#FFF9BF');

-- --------------------------------------------------------

--
-- Table structure for table `customers`
--

CREATE TABLE `customers` (
  `id` int(11) NOT NULL,
  `name` varchar(255) NOT NULL,
  `email` varchar(255) NOT NULL,
  `phone` varchar(20) DEFAULT NULL,
  `address` varchar(255) DEFAULT NULL,
  `business_name` varchar(255) DEFAULT NULL,
  `created_at` timestamp NOT NULL DEFAULT current_timestamp(),
  `updated_at` timestamp NOT NULL DEFAULT current_timestamp() ON UPDATE current_timestamp()
) ENGINE=InnoDB DEFAULT CHARSET=utf8mb4 COLLATE=utf8mb4_general_ci;

--
-- Dumping data for table `customers`
--

INSERT INTO `customers` (`id`, `name`, `email`, `phone`, `address`, `business_name`, `created_at`, `updated_at`) VALUES
(7, 'Mg Mg 123', 'mgmg@gmail.com', '0911111111', 'Mandalay ', 'Shinning Star', '2024-11-04 07:07:55', '2024-11-08 08:15:27'),
(8, 'Aung Aung', 'aungaung@gmail.com', '0922222222', 'Yangon', 'Morning Star', '2024-11-04 07:08:53', '2024-11-04 07:08:53'),
(9, 'Mr.Robet', 'robet@gmail.com', '0111111111', 'United States of America', 'US trading.co,ltd', '2024-11-04 07:10:00', '2024-11-04 07:10:00'),
(13, 'hii', 'hii@gmail.com', '111111112', 'hii', 'hii', '2024-11-22 06:29:23', '2024-11-22 06:29:38');

-- --------------------------------------------------------

--
-- Table structure for table `inventory`
--

CREATE TABLE `inventory` (
  `id` int(11) NOT NULL,
  `product_id` int(11) NOT NULL,
  `quantity` int(11) NOT NULL,
  `reorder_level` int(11) NOT NULL,
  `warehouse_id` int(11) NOT NULL
) ENGINE=InnoDB DEFAULT CHARSET=utf8mb4 COLLATE=utf8mb4_general_ci;

--
-- Dumping data for table `inventory`
--

INSERT INTO `inventory` (`id`, `product_id`, `quantity`, `reorder_level`, `warehouse_id`) VALUES
(19, 50528, 3700, 0, 1),
(20, 63, 0, 0, 1);

-- --------------------------------------------------------

--
-- Table structure for table `orders`
--

CREATE TABLE `orders` (
  `id` int(11) NOT NULL,
  `customer_id` int(11) DEFAULT NULL,
  `product_id` int(11) DEFAULT NULL,
  `quantity` int(11) DEFAULT NULL,
  `total` decimal(10,2) DEFAULT NULL,
  `delivery_address` varchar(255) DEFAULT NULL,
  `note` text DEFAULT NULL
) ENGINE=InnoDB DEFAULT CHARSET=utf8mb4 COLLATE=utf8mb4_general_ci;

--
-- Dumping data for table `orders`
--

INSERT INTO `orders` (`id`, `customer_id`, `product_id`, `quantity`, `total`, `delivery_address`, `note`) VALUES
(36, 9, 50528, 100000, 0.00, 'yangon', 'note');

-- --------------------------------------------------------

--
-- Table structure for table `pcs_per_box`
--

CREATE TABLE `pcs_per_box` (
  `id` int(11) NOT NULL,
  `pcs_per_box` int(11) NOT NULL
) ENGINE=InnoDB DEFAULT CHARSET=utf8mb4 COLLATE=utf8mb4_general_ci;

--
-- Dumping data for table `pcs_per_box`
--

INSERT INTO `pcs_per_box` (`id`, `pcs_per_box`) VALUES
(1, 12),
(2, 24),
(3, 48),
(4, 72);

-- --------------------------------------------------------

--
-- Table structure for table `permissions`
--

CREATE TABLE `permissions` (
  `id` int(11) NOT NULL,
  `name` varchar(255) NOT NULL
) ENGINE=InnoDB DEFAULT CHARSET=utf8mb4 COLLATE=utf8mb4_general_ci;

-- --------------------------------------------------------

--
-- Table structure for table `photo`
--

CREATE TABLE `photo` (
  `id` int(11) NOT NULL,
  `photo` varchar(255) NOT NULL,
  `product_id` int(11) NOT NULL
) ENGINE=InnoDB DEFAULT CHARSET=utf8mb4 COLLATE=utf8mb4_general_ci;

--
-- Dumping data for table `photo`
--

INSERT INTO `photo` (`id`, `photo`, `product_id`) VALUES
(299, '1730711464206.jpg', 513),
(300, '1730711464207.jpg', 451),
(301, '1730711464208.webp', 472),
(302, '1730711464210.jpg', 472),
(303, '1730711562419.jpg', 473),
(304, '1730711562419.webp', 473),
(305, '1730711562420.jpg', 473),
(306, '1730711632539.jpg', 474),
(307, '1730711632539.jpg', 351),
(308, '1730711769606.jpg', 476),
(349, '1733367995790.jpg', 50527),
(350, '1733367995791.jpg', 50527),
(351, '1733480788455.jpg', 50528),
(352, '1733480788456.jpg', 50528);

-- --------------------------------------------------------

--
-- Table structure for table `prices`
--

CREATE TABLE `prices` (
  `id` int(11) NOT NULL,
  `price` decimal(10,2) DEFAULT NULL,
  `currency` varchar(10) DEFAULT NULL,
  `effective_date` date DEFAULT NULL
) ENGINE=InnoDB DEFAULT CHARSET=utf8mb4 COLLATE=utf8mb4_general_ci;

--
-- Dumping data for table `prices`
--

INSERT INTO `prices` (`id`, `price`, `currency`, `effective_date`) VALUES
(1, 0.00, 'USD', '2024-12-04'),
(2, 1000.00, 'USD', '2024-12-04'),
(3, 100000.00, 'MMK', '2024-12-04'),
(4, 155.00, 'USD', '2024-12-04'),
(5, 100000.00, 'MMK', '2024-12-04'),
(6, 155.00, 'USD', '2024-12-04'),
(7, 1.00, 'MMK', '2024-12-04'),
(8, 0.00, 'USD', '2024-12-04'),
(9, 1000.00, 'MMK', '2024-12-04'),
(10, 5.00, 'USD', '2024-12-04'),
(11, 100.00, 'MMK', '2024-12-04'),
(12, 100.00, 'MMK', '2024-12-04'),
(13, 200.00, 'USD', '2024-12-04'),
(14, 100.00, 'MMK', '2024-12-04'),
(15, 200.00, 'USD', '2024-12-04'),
(16, 19.00, 'MMK', '2024-12-04'),
(17, 0.00, 'MMK', '2024-12-04'),
(18, 0.00, 'MMK', '2024-12-04'),
(19, 0.00, 'USD', '2024-12-05'),
(20, 100.00, 'MMK', '2024-12-05'),
(21, 2.00, 'USD', '2024-12-05'),
(22, 0.00, 'MMK', '2024-12-05'),
(23, 0.00, 'MMK', '2024-12-05'),
(24, 0.00, 'MMK', '2024-12-05'),
(25, 0.00, 'MMK', '2024-12-05'),
(26, 0.00, 'MMK', '2024-12-05'),
(27, 0.00, 'MMK', '2024-12-05'),
(28, 0.00, 'MMK', '2024-12-05'),
(29, 0.00, 'MMK', '2024-12-05'),
(30, 0.00, 'MMK', '2024-12-05'),
(31, 0.00, 'MMK', '2024-12-05'),
(32, 0.00, 'MMK', '2024-12-05'),
(33, 0.00, 'MMK', '2024-12-05'),
(34, 0.00, 'MMK', '2024-12-05'),
(35, 0.00, 'MMK', '2024-12-05'),
(36, 0.00, 'MMK', '2024-12-05'),
(37, 0.00, 'MMK', '2024-12-05'),
(38, 0.00, 'MMK', '2024-12-05'),
(39, 0.00, 'MMK', '2024-12-05'),
(40, 0.00, 'MMK', '2024-12-05'),
(41, 0.00, 'MMK', '2024-12-05'),
(42, 0.00, 'USD', '2024-12-05'),
(43, 0.00, 'USD', '2024-12-05'),
(44, 20.00, 'USD', '2024-12-06'),
(45, NULL, 'MMK', '2024-12-06'),
(46, NULL, 'USD', '2024-12-06'),
(47, NULL, 'USD', '2024-12-06'),
(48, NULL, 'MMK', '2024-12-06'),
(49, NULL, 'USD', '2024-12-06'),
(50, NULL, 'USD', '2024-12-06'),
(51, NULL, 'MMK', '2024-12-06'),
(52, NULL, 'USD', '2024-12-06'),
(53, NULL, 'MMK', '2024-12-06'),
(54, NULL, 'USD', '2024-12-06'),
(55, NULL, 'USD', '2024-12-06'),
(56, NULL, 'MMK', '2024-12-06'),
(57, NULL, 'USD', '2024-12-06'),
(58, NULL, 'USD', '2024-12-06'),
(59, NULL, 'MMK', '2024-12-06'),
(60, NULL, 'USD', '2024-12-06'),
(61, NULL, 'USD', '2024-12-06'),
(62, NULL, 'MMK', '2024-12-06'),
(63, NULL, 'USD', '2024-12-06'),
(64, NULL, 'USD', '2024-12-06'),
(65, NULL, 'MMK', '2024-12-06'),
(66, NULL, 'USD', '2024-12-06'),
(67, NULL, 'USD', '2024-12-06'),
(68, NULL, 'MMK', '2024-12-06'),
(69, NULL, 'USD', '2024-12-06'),
(70, NULL, 'USD', '2024-12-06'),
(71, 0.00, 'MMK', '2024-12-06'),
(72, 0.00, 'MMK', '2024-12-06'),
(73, 0.00, 'MMK', '2024-12-06'),
(74, 0.00, 'MMK', '2024-12-06'),
(75, 1.00, 'MMK', '2024-12-06'),
(76, 100.00, 'USD', '2024-12-06'),
(77, 1.00, 'MMK', '2024-12-06'),
(78, 100.00, 'USD', '2024-12-06'),
(79, 1.00, 'MMK', '2024-12-06'),
(80, 100.00, 'USD', '2024-12-06'),
(81, 3000.00, 'MMK', '2024-12-06'),
(82, 1.00, 'USD', '2024-12-06'),
(83, 0.00, 'USD', '2024-12-06'),
(84, 100.00, 'MMK', '2024-12-06'),
(85, 1.00, 'USD', '2024-12-06'),
(86, 0.00, 'MMK', '2024-12-06');

-- --------------------------------------------------------

--
-- Table structure for table `product`
--

CREATE TABLE `product` (
  `id` int(11) NOT NULL,
  `product_name` varchar(255) NOT NULL,
  `type_id` int(11) DEFAULT NULL,
  `color_id` int(11) DEFAULT NULL,
  `size` varchar(255) DEFAULT NULL,
  `mo_number` varchar(255) DEFAULT NULL,
  `category_id` int(11) DEFAULT NULL,
  `created_at` timestamp NOT NULL DEFAULT current_timestamp(),
  `microwave_safe` tinyint(1) DEFAULT 0,
  `description` text DEFAULT NULL,
  `updated_at` timestamp NOT NULL DEFAULT current_timestamp() ON UPDATE current_timestamp(),
  `is_active` tinyint(1) DEFAULT 1
) ENGINE=InnoDB DEFAULT CHARSET=utf8mb4 COLLATE=utf8mb4_general_ci;

--
-- Dumping data for table `product`
--

INSERT INTO `product` (`id`, `product_name`, `type_id`, `color_id`, `size`, `mo_number`, `category_id`, `created_at`, `microwave_safe`, `description`, `updated_at`, `is_active`) VALUES
(37, '6 x 2 1/2', 3, 3, '6 x 2 1/2', '6 x 2 1/2', NULL, '2024-11-21 04:28:39', 0, NULL, '2024-11-27 01:52:14', 1),
(38, '6 x 2', 3, 3, '6 x 2', '6 x 2', NULL, '2024-11-21 04:28:39', 0, NULL, '2024-11-27 01:52:14', 1),
(39, '6 x 3', 3, 3, '6 x 3', '6 x 3', NULL, '2024-11-21 04:28:39', 0, NULL, '2024-11-27 01:52:14', 1),
(40, '6x4', 3, 3, '6x4', '6x4', NULL, '2024-11-21 04:28:39', 0, NULL, '2024-11-27 01:52:14', 1),
(41, '6x6', 3, 3, '6x6', '6x6', NULL, '2024-11-21 04:28:39', 0, NULL, '2024-11-27 01:52:14', 1),
(42, '6x7', 3, 3, '6x7', '6x7', NULL, '2024-11-21 04:28:39', 0, NULL, '2024-11-27 01:52:14', 1),
(43, '2 1/2 x 6', 3, 3, '2 1/2 x 6', '2 1/2 x 6', NULL, '2024-11-21 04:28:39', 0, NULL, '2024-11-27 01:52:14', 1),
(44, '2 3/4 x 5', 3, 3, '2 3/4 x 5', '2 3/4 x 5', NULL, '2024-11-21 04:28:39', 0, NULL, '2024-11-27 01:52:14', 1),
(45, '2 x 3/4', 3, 3, '2 x 3/4', '2 x 3/4', NULL, '2024-11-21 04:28:39', 0, NULL, '2024-11-27 01:52:14', 1),
(46, 'AC.2(4x3 1/4)', 3, 3, '4x3 1/4', '4x3 1/4', NULL, '2024-11-21 04:28:39', 0, NULL, '2024-11-27 01:52:14', 1),
(47, '2 1/4 x 3\" 7.5', 3, 3, '2 1/4 x 3\" 7.5', '2 1/4 x 3\" 7.5', NULL, '2024-11-21 04:28:39', 0, NULL, '2024-11-27 01:52:14', 1),
(48, 'AC 3(4x4 1/2)', 3, 3, '4x4 1/2', '4x4 1/2', NULL, '2024-11-21 04:28:39', 0, NULL, '2024-11-27 01:52:14', 1),
(49, '2 1/4 x 3 1/2', 3, 3, '2 1/4 x 3 1/2', '2 1/4 x 3 1/2', NULL, '2024-11-21 04:28:39', 0, NULL, '2024-11-27 01:52:14', 1),
(50, '4 x 4 1/4', 3, 3, '4 x 4 1/4', '4 x 4 1/4', NULL, '2024-11-21 04:28:39', 0, NULL, '2024-11-27 01:52:14', 1),
(51, 'AC 2 1/2', 3, 3, 'AC 2 1/2', 'AC 2 1/2', NULL, '2024-11-21 04:28:39', 0, NULL, '2024-11-27 01:52:14', 1),
(52, '2 3/4 x 4 1/2', 3, 3, '2 3/4 x 4 1/2', '2 3/4 x 4 1/2', NULL, '2024-11-21 04:28:39', 0, NULL, '2024-11-27 01:52:14', 1),
(53, '2 1/2 x 3', 3, 3, '2 1/2 x 3', '2 1/2 x 3', NULL, '2024-11-21 04:28:39', 0, NULL, '2024-11-27 01:52:14', 1),
(54, '4x2', 3, 3, '4x2', '4x2', NULL, '2024-11-21 04:28:39', 0, NULL, '2024-11-27 01:52:14', 1),
(55, '2 1/2 x 4', 3, 3, '2 1/2 x 4', '2 1/2 x 4', NULL, '2024-11-21 04:28:39', 0, NULL, '2024-11-27 01:52:14', 1),
(56, '4x 2 1/2', 3, 3, '4x 2 1/2', '4x 2 1/2', NULL, '2024-11-21 04:28:39', 0, NULL, '2024-11-27 01:52:14', 1),
(57, '2 1/4 အရှည်', 3, 3, '2 1/4 အရှည်', '2 1/4 အရှည်', NULL, '2024-11-21 04:28:39', 0, NULL, '2024-11-27 01:52:14', 1),
(58, '4x3', 3, 3, '4x3', '4x3', NULL, '2024-11-21 04:28:39', 0, NULL, '2024-11-27 01:52:14', 1),
(59, '2 1/2 x 6', 3, 3, '2 1/2 x 6', '2 1/2 x 6', NULL, '2024-11-21 04:28:39', 0, NULL, '2024-11-27 01:52:14', 1),
(60, '2 3/4 x 5', 3, 3, '2 3/4 x 5', '2 3/4 x 5', NULL, '2024-11-21 04:28:39', 0, NULL, '2024-11-27 01:52:14', 1),
(61, '4x2 1/2 (အနိမ့်)', 3, 3, '4x2 1/2', '4x2 1/2', NULL, '2024-11-21 04:28:39', 0, NULL, '2024-11-27 01:52:14', 1),
(62, '4x3 1/2', 3, 3, '4x3 1/2', '4x3 1/2', NULL, '2024-11-21 04:28:39', 0, NULL, '2024-11-27 01:52:14', 1),
(63, '2 x 1/2 x 4 1/2', 3, 3, '2 x 1/2 x 4 1/2', '2 x 1/2 x 4 1/2', NULL, '2024-11-21 04:28:39', 0, NULL, '2024-11-27 01:52:14', 1),
(64, '4 x 1 1/2', 3, 3, '4 x 1 1/2', '4 x 1 1/2', NULL, '2024-11-21 04:28:39', 0, NULL, '2024-11-27 01:52:14', 1),
(65, '4x4', 3, 3, '4x4', '4x4', NULL, '2024-11-21 04:28:39', 0, NULL, '2024-11-27 01:52:14', 1),
(66, '4x5', 3, 3, '4x5', '4x5', NULL, '2024-11-21 04:28:39', 0, NULL, '2024-11-27 01:52:14', 1),
(67, '5 x 1 1/2', 3, 3, '5 x 1 1/2', '5 x 1 1/2', NULL, '2024-11-21 04:28:39', 0, NULL, '2024-11-27 01:52:14', 1),
(68, '5 x 1 1/2 ဘဲဥ', 3, 3, '5 x 1 1/2 ဘဲဥ', '5 x 1 1/2 ဘဲဥ', NULL, '2024-11-21 04:28:39', 0, NULL, '2024-11-27 01:52:14', 1),
(69, '4x6', 3, 3, '4x6', '4x6', NULL, '2024-11-21 04:28:39', 0, NULL, '2024-11-27 01:52:14', 1),
(70, '5 x 1', 3, 3, '5 x 1', '5 x 1', NULL, '2024-11-21 04:28:39', 0, NULL, '2024-11-27 01:52:14', 1),
(71, '4x6 1/2', 3, 3, '4x6 1/2', '4x6 1/2', NULL, '2024-11-21 04:28:39', 0, NULL, '2024-11-27 01:52:14', 1),
(72, '5 x 1 1/4', 3, 3, '5 x 1 1/4', '5 x 1 1/4', NULL, '2024-11-21 04:28:39', 0, NULL, '2024-11-27 01:52:14', 1),
(73, '5 x 2', 3, 3, '5 x 2', '5 x 2', NULL, '2024-11-21 04:28:39', 0, NULL, '2024-11-27 01:52:14', 1),
(74, '4x7', 3, 3, '4x7', '4x7', NULL, '2024-11-21 04:28:39', 0, NULL, '2024-11-27 01:52:14', 1),
(75, '5 x 3', 3, 3, '5 x 3', '5 x 3', NULL, '2024-11-21 04:28:39', 0, NULL, '2024-11-27 01:52:14', 1),
(76, '5 x 4', 3, 3, '5 x 4', '5 x 4', NULL, '2024-11-21 04:28:39', 0, NULL, '2024-11-27 01:52:14', 1),
(77, '5 x 5', 3, 3, '5 x 5', '5 x 5', NULL, '2024-11-21 04:28:39', 0, NULL, '2024-11-27 01:52:14', 1),
(78, '3x2', 3, 3, '3x2', '3x2', NULL, '2024-11-21 04:28:39', 0, NULL, '2024-11-27 01:52:14', 1),
(79, '5 x 6', 3, 3, '5 x 6', '5 x 6', NULL, '2024-11-21 04:28:39', 0, NULL, '2024-11-27 01:52:14', 1),
(80, '3x3', 3, 3, '3x3', '3x3', NULL, '2024-11-21 04:28:39', 0, NULL, '2024-11-27 01:52:14', 1),
(81, '3 x 3 1/2', 3, 3, '3 x 3 1/2', '3 x 3 1/2', NULL, '2024-11-21 04:28:39', 0, NULL, '2024-11-27 01:52:14', 1),
(82, '2 1/4 x 5 1/2', 3, 3, '2 1/4 x 5 1/2', '2 1/4 x 5 1/2', NULL, '2024-11-21 04:28:39', 0, NULL, '2024-11-27 01:52:14', 1),
(83, '3x3 1/2', 3, 3, '3x3 1/2', '3x3 1/2', NULL, '2024-11-21 04:28:39', 0, NULL, '2024-11-27 01:52:14', 1),
(84, '3 x 2 1/2', 3, 3, '3 x 2 1/2', '3 x 2 1/2', NULL, '2024-11-21 04:28:39', 0, NULL, '2024-11-27 01:52:14', 1),
(85, '3x4', 3, 3, '3x4', '3x4', NULL, '2024-11-21 04:28:39', 0, NULL, '2024-11-27 01:52:14', 1),
(86, '3 x 2', 3, 3, '3 x 2', '3 x 2', NULL, '2024-11-21 04:28:39', 0, NULL, '2024-11-27 01:52:14', 1),
(87, '3x5', 3, 3, '3x5', '3x5', NULL, '2024-11-21 04:28:39', 0, NULL, '2024-11-27 01:52:14', 1),
(88, '3x6', 3, 3, '3x6', '3x6', NULL, '2024-11-21 04:28:39', 0, NULL, '2024-11-27 01:52:14', 1),
(89, '3x7', 3, 3, '3x7', '3x7', NULL, '2024-11-21 04:28:39', 0, NULL, '2024-11-27 01:52:14', 1),
(90, '3x8', 3, 3, '3x8', '3x8', NULL, '2024-11-21 04:28:39', 0, NULL, '2024-11-27 01:52:14', 1),
(91, 'AR1', 2, 3, '-', '-', NULL, '2024-11-21 04:28:39', 0, NULL, '2024-11-27 01:52:14', 1),
(92, 'AR2', 2, 3, '-', '-', NULL, '2024-11-21 04:28:39', 0, NULL, '2024-11-27 01:52:14', 1),
(93, '3x4 1/2', 3, 3, '3x4 1/2', '3x4 1/2', NULL, '2024-11-21 04:28:39', 0, NULL, '2024-11-27 01:52:14', 1),
(94, 'AR3', 2, 3, '-', '-', NULL, '2024-11-21 04:28:39', 0, NULL, '2024-11-27 01:52:14', 1),
(95, 'AR4', 2, 3, '-', '-', NULL, '2024-11-21 04:28:39', 0, NULL, '2024-11-27 01:52:14', 1),
(96, 'AR6', 2, 3, '-', '-', NULL, '2024-11-21 04:28:39', 0, NULL, '2024-11-27 01:52:14', 1),
(97, 'A13', 2, 3, '-', '-', NULL, '2024-11-21 04:28:39', 0, NULL, '2024-11-27 01:52:14', 1),
(98, '5x3 ဘဲဥ (တိုမို)', 3, 3, '5x3', '5x3', NULL, '2024-11-21 04:28:39', 0, NULL, '2024-11-27 01:52:14', 1),
(99, 'A15', 2, 3, '-', '-', NULL, '2024-11-21 04:28:39', 0, NULL, '2024-11-27 01:52:14', 1),
(100, 'A18', 2, 3, '-', '-', NULL, '2024-11-21 04:28:39', 0, NULL, '2024-11-27 01:52:14', 1),
(101, '5x2 ဘဲဥ', 3, 3, '5x2', '5x2', NULL, '2024-11-21 04:28:39', 0, NULL, '2024-11-27 01:52:14', 1),
(102, 'A1', 2, 3, '-', '-', NULL, '2024-11-21 04:28:39', 0, NULL, '2024-11-27 01:52:14', 1),
(103, 'A1S', 2, 3, '-', '-', NULL, '2024-11-21 04:28:39', 0, NULL, '2024-11-27 01:52:14', 1),
(104, 'A110', 2, 3, '-', '-', NULL, '2024-11-21 04:28:39', 0, NULL, '2024-11-27 01:52:14', 1),
(105, '5x2 1/2 ဘဲဥ', 3, 3, '5x2 1/2', '5x2 1/2', NULL, '2024-11-21 04:28:39', 0, NULL, '2024-11-27 01:52:14', 1),
(106, 'A149', 2, 3, '-', '-', NULL, '2024-11-21 04:28:39', 0, NULL, '2024-11-27 01:52:14', 1),
(107, '5x2 1/2', 3, 3, '5x2 1/2', '5x2 1/2', NULL, '2024-11-21 04:28:39', 0, NULL, '2024-11-27 01:52:14', 1),
(108, 'AH1', 2, 3, '-', '-', NULL, '2024-11-21 04:28:39', 0, NULL, '2024-11-27 01:52:14', 1),
(109, 'AH1951', 2, 3, '-', '-', NULL, '2024-11-21 04:28:39', 0, NULL, '2024-11-27 01:52:14', 1),
(110, '5x3 ဘဲဥ', 3, 3, '5x3', '5x3', NULL, '2024-11-21 04:28:39', 0, NULL, '2024-11-27 01:52:14', 1),
(111, 'AF6', 2, 3, '-', '-', NULL, '2024-11-21 04:28:39', 0, NULL, '2024-11-27 01:52:14', 1),
(112, 'AF8', 2, 3, '-', '-', NULL, '2024-11-21 04:28:39', 0, NULL, '2024-11-27 01:52:14', 1),
(113, 'AC1', 2, 3, '-', '-', NULL, '2024-11-21 04:28:39', 0, NULL, '2024-11-27 01:52:14', 1),
(114, 'AC5', 2, 3, '-', '-', NULL, '2024-11-21 04:28:39', 0, NULL, '2024-11-27 01:52:14', 1),
(115, '2 1/4 x 4 1/4', 3, 3, '2 1/4 x 4 1/4', '2 1/4 x 4 1/4', NULL, '2024-11-21 04:28:39', 0, NULL, '2024-11-27 01:52:14', 1),
(116, 'AC6', 2, 3, '-', '-', NULL, '2024-11-21 04:28:39', 0, NULL, '2024-11-27 01:52:14', 1),
(117, 'AC7', 2, 3, '-', '-', NULL, '2024-11-21 04:28:39', 0, NULL, '2024-11-27 01:52:14', 1),
(118, 'A14', 2, 3, '-', '-', NULL, '2024-11-21 04:28:39', 0, NULL, '2024-11-27 01:52:14', 1),
(119, '2 1/4 x 4', 3, 3, '2 1/4 x 4', '2 1/4 x 4', NULL, '2024-11-21 04:28:39', 0, NULL, '2024-11-27 01:52:14', 1),
(120, 'AC', 2, 3, '-', '-', NULL, '2024-11-21 04:28:39', 0, NULL, '2024-11-27 01:52:14', 1),
(121, 'SP01', 2, 3, '-', '-', NULL, '2024-11-21 04:28:39', 0, NULL, '2024-11-27 01:52:14', 1),
(122, 'P1', 2, 3, '-', '-', NULL, '2024-11-21 04:28:39', 0, NULL, '2024-11-27 01:52:14', 1),
(123, '2 1/4 x 5', 3, 3, '2 1/4 x 5', '2 1/4 x 5', NULL, '2024-11-21 04:28:39', 0, NULL, '2024-11-27 01:52:14', 1),
(124, 'S1', 2, 3, '-', '-', NULL, '2024-11-21 04:28:39', 0, NULL, '2024-11-27 01:52:14', 1),
(125, 'SP001', 2, 3, '-', '-', NULL, '2024-11-21 04:28:39', 0, NULL, '2024-11-27 01:52:14', 1),
(126, 'SP002', 2, 3, '-', '-', NULL, '2024-11-21 04:28:39', 0, NULL, '2024-11-27 01:52:14', 1),
(127, '2 1/4 x 5 3/4', 3, 3, '2 1/4 x 5 3/4', '2 1/4 x 5 3/4', NULL, '2024-11-21 04:28:39', 0, NULL, '2024-11-27 01:52:14', 1),
(128, '2 1/4 အတို(ရွှေ​ရောင်)', 3, 5, '2 1/4', '2 1/4', NULL, '2024-11-21 04:28:39', 0, NULL, '2024-11-27 01:52:14', 1),
(129, '2 1/4 x 6', 3, 3, '2 1/4 x 6', '2 1/4 x 6', NULL, '2024-11-21 04:28:39', 0, NULL, '2024-11-27 01:52:14', 1),
(130, '2 1/4 x 2 1/2', 3, 3, '2 1/4 x 2 1/2', '2 1/4 x 2 1/2', NULL, '2024-11-21 04:28:39', 0, NULL, '2024-11-27 01:52:14', 1),
(131, '2 1/4 x 3', 3, 3, '2 1/4 x 3', '2 1/4 x 3', NULL, '2024-11-21 04:28:39', 0, NULL, '2024-11-27 01:52:14', 1),
(132, '2 1/2 x 5', 3, 3, '2 1/2 x 5', '2 1/2 x 5', NULL, '2024-11-21 04:28:39', 0, NULL, '2024-11-27 01:52:14', 1),
(133, '2 1/2 x 7', 3, 3, '2 1/2 x 7', '2 1/2 x 7', NULL, '2024-11-21 04:28:39', 0, NULL, '2024-11-27 01:52:14', 1),
(134, '2 1/2 x 3 1/2', 3, 3, '2 1/2 x 3 1/2', '2 1/2 x 3 1/2', NULL, '2024-11-21 04:28:39', 0, NULL, '2024-11-27 01:52:14', 1),
(135, '2 1/2 x 4 1/2', 3, 3, '2 1/2 x 4 1/2', '2 1/2 x 4 1/2', NULL, '2024-11-21 04:28:39', 0, NULL, '2024-11-27 01:52:14', 1),
(136, 'A', 2, 2, 'A', 'Q', NULL, '2024-11-21 04:28:39', 0, NULL, '2024-11-27 01:52:14', 1),
(137, 'S3', 2, 3, '-', '-', NULL, '2024-11-21 04:28:39', 0, NULL, '2024-11-27 01:52:14', 1),
(138, 'S4', 2, 3, '-', '-', NULL, '2024-11-21 04:28:39', 0, NULL, '2024-11-27 01:52:14', 1),
(139, 'S5', 2, 3, '-', '-', NULL, '2024-11-21 04:28:39', 0, NULL, '2024-11-27 01:52:14', 1),
(140, 'S5L', 2, 3, '-', '-', NULL, '2024-11-21 04:28:39', 0, NULL, '2024-11-27 01:52:14', 1),
(141, 'S6', 2, 3, '-', '-', NULL, '2024-11-21 04:28:39', 0, NULL, '2024-11-27 01:52:14', 1),
(142, 'M3 အပါး', 2, 3, '-', '-', NULL, '2024-11-21 04:28:39', 0, NULL, '2024-11-27 01:52:14', 1),
(143, 'S7', 2, 3, '-', '-', NULL, '2024-11-21 04:28:39', 0, NULL, '2024-11-27 01:52:14', 1),
(144, 'M3 အထူ', 2, 3, '-', '-', NULL, '2024-11-21 04:28:39', 0, NULL, '2024-11-27 01:52:14', 1),
(145, 'S3L', 2, 3, '-', '-', NULL, '2024-11-21 04:28:39', 0, NULL, '2024-11-27 01:52:14', 1),
(146, 'M3 အလတ်', 2, 3, '-', '-', NULL, '2024-11-21 04:28:39', 0, NULL, '2024-11-27 01:52:14', 1),
(147, 'V1', 2, 3, '-', '-', NULL, '2024-11-21 04:28:39', 0, NULL, '2024-11-27 01:52:14', 1),
(148, 'V1', 2, 3, '-', '-', NULL, '2024-11-21 04:28:39', 0, NULL, '2024-11-27 01:52:14', 1),
(149, 'M3K', 2, 3, '-', '-', NULL, '2024-11-21 04:28:39', 0, NULL, '2024-11-27 01:52:14', 1),
(150, 'M2 ', 2, 3, '-', '-', NULL, '2024-11-21 04:28:39', 0, NULL, '2024-11-27 01:52:14', 1),
(151, 'M4', 2, 3, '-', '-', NULL, '2024-11-21 04:28:39', 0, NULL, '2024-11-27 01:52:14', 1),
(152, 'M5', 2, 3, '-', '-', NULL, '2024-11-21 04:28:39', 0, NULL, '2024-11-27 01:52:14', 1),
(153, 'M6', 2, 3, '-', '-', NULL, '2024-11-21 04:28:39', 0, NULL, '2024-11-27 01:52:14', 1),
(154, 'M7', 2, 3, '-', '-', NULL, '2024-11-21 04:28:39', 0, NULL, '2024-11-27 01:52:14', 1),
(155, 'M8', 2, 3, '-', '-', NULL, '2024-11-21 04:28:39', 0, NULL, '2024-11-27 01:52:14', 1),
(156, 'M9', 2, 3, '-', '-', NULL, '2024-11-21 04:28:39', 0, NULL, '2024-11-27 01:52:14', 1),
(157, 'M33', 2, 3, '-', '-', NULL, '2024-11-21 04:28:39', 0, NULL, '2024-11-27 01:52:14', 1),
(158, 'M77', 2, 3, '-', '-', NULL, '2024-11-21 04:28:39', 0, NULL, '2024-11-27 01:52:14', 1),
(159, 'M99', 2, 3, '-', '-', NULL, '2024-11-21 04:28:39', 0, NULL, '2024-11-27 01:52:14', 1),
(160, 'M9L', 2, 3, '-', '-', NULL, '2024-11-21 04:28:39', 0, NULL, '2024-11-27 01:52:14', 1),
(161, 'GM1', 2, 3, '-', '-', NULL, '2024-11-21 04:28:39', 0, NULL, '2024-11-27 01:52:14', 1),
(162, 'V1', 2, 3, '-', '-', NULL, '2024-11-21 04:28:39', 0, NULL, '2024-11-27 01:52:14', 1),
(163, 'GM2', 2, 3, '-', '-', NULL, '2024-11-21 04:28:39', 0, NULL, '2024-11-27 01:52:14', 1),
(164, 'V2', 2, 3, '-', '-', NULL, '2024-11-21 04:28:39', 0, NULL, '2024-11-27 01:52:14', 1),
(165, 'GM3', 2, 3, '-', '-', NULL, '2024-11-21 04:28:39', 0, NULL, '2024-11-27 01:52:14', 1),
(166, 'V3', 2, 3, '-', '-', NULL, '2024-11-21 04:28:39', 0, NULL, '2024-11-27 01:52:14', 1),
(167, 'V4', 2, 3, '-', '-', NULL, '2024-11-21 04:28:39', 0, NULL, '2024-11-27 01:52:14', 1),
(168, 'V5', 2, 3, '-', '-', NULL, '2024-11-21 04:28:39', 0, NULL, '2024-11-27 01:52:14', 1),
(169, 'GM4', 2, 3, '-', '-', NULL, '2024-11-21 04:28:39', 0, NULL, '2024-11-27 01:52:14', 1),
(170, 'V6', 2, 3, '-', '-', NULL, '2024-11-21 04:28:39', 0, NULL, '2024-11-27 01:52:14', 1),
(171, 'GM5', 2, 3, '-', '-', NULL, '2024-11-21 04:28:39', 0, NULL, '2024-11-27 01:52:14', 1),
(172, 'V8', 2, 3, '-', '-', NULL, '2024-11-21 04:28:39', 0, NULL, '2024-11-27 01:52:14', 1),
(173, 'V9', 2, 3, '-', '-', NULL, '2024-11-21 04:28:39', 0, NULL, '2024-11-27 01:52:14', 1),
(174, 'GM7', 2, 3, '-', '-', NULL, '2024-11-21 04:28:39', 0, NULL, '2024-11-27 01:52:14', 1),
(175, 'B3', 2, 3, '-', '-', NULL, '2024-11-21 04:28:39', 0, NULL, '2024-11-27 01:52:14', 1),
(176, 'GM8', 2, 3, '-', '-', NULL, '2024-11-21 04:28:39', 0, NULL, '2024-11-27 01:52:14', 1),
(177, 'B4', 2, 3, '-', '-', NULL, '2024-11-21 04:28:39', 0, NULL, '2024-11-27 01:52:14', 1),
(178, 'B1913R', 2, 3, '-', '-', NULL, '2024-11-21 04:28:39', 0, NULL, '2024-11-27 01:52:14', 1),
(179, 'GM9 (အကြီး)', 2, 3, '-', '-', NULL, '2024-11-21 04:28:39', 0, NULL, '2024-11-27 01:52:14', 1),
(180, 'C01', 2, 3, '-', '-', NULL, '2024-11-21 04:28:39', 0, NULL, '2024-11-27 01:52:14', 1),
(181, 'E2', 2, 3, '-', '-', NULL, '2024-11-21 04:28:39', 0, NULL, '2024-11-27 01:52:14', 1),
(182, 'GM9 (အသေး)', 2, 3, '-', '-', NULL, '2024-11-21 04:28:39', 0, NULL, '2024-11-27 01:52:14', 1),
(183, 'E3', 2, 3, '-', '-', NULL, '2024-11-21 04:28:39', 0, NULL, '2024-11-27 01:52:14', 1),
(184, 'GM11', 2, 3, '-', '-', NULL, '2024-11-21 04:28:39', 0, NULL, '2024-11-27 01:52:14', 1),
(185, 'E9', 2, 3, '-', '-', NULL, '2024-11-21 04:28:39', 0, NULL, '2024-11-27 01:52:14', 1),
(186, 'E4', 2, 3, '-', '-', NULL, '2024-11-21 04:28:39', 0, NULL, '2024-11-27 01:52:14', 1),
(187, 'GM12', 2, 3, '-', '-', NULL, '2024-11-21 04:28:39', 0, NULL, '2024-11-27 01:52:14', 1),
(188, 'C2', 2, 3, '-', '-', NULL, '2024-11-21 04:28:39', 0, NULL, '2024-11-27 01:52:14', 1),
(189, 'GM13', 2, 3, '-', '-', NULL, '2024-11-21 04:28:39', 0, NULL, '2024-11-27 01:52:14', 1),
(190, 'C4', 2, 3, '-', '-', NULL, '2024-11-21 04:28:39', 0, NULL, '2024-11-27 01:52:14', 1),
(191, 'C5', 2, 3, '-', '-', NULL, '2024-11-21 04:28:39', 0, NULL, '2024-11-27 01:52:14', 1),
(192, 'GM14', 2, 3, '-', '-', NULL, '2024-11-21 04:28:39', 0, NULL, '2024-11-27 01:52:14', 1),
(193, 'C9', 2, 3, '-', '-', NULL, '2024-11-21 04:28:39', 0, NULL, '2024-11-27 01:52:14', 1),
(194, 'GM17', 2, 3, '-', '-', NULL, '2024-11-21 04:28:39', 0, NULL, '2024-11-27 01:52:14', 1),
(195, 'C9L', 2, 3, '-', '-', NULL, '2024-11-21 04:28:39', 0, NULL, '2024-11-27 01:52:14', 1),
(196, 'GM18', 2, 3, '-', '-', NULL, '2024-11-21 04:28:39', 0, NULL, '2024-11-27 01:52:14', 1),
(197, 'C85', 2, 3, '-', '-', NULL, '2024-11-21 04:28:39', 0, NULL, '2024-11-27 01:52:14', 1),
(198, 'KM1', 2, 3, '-', '-', NULL, '2024-11-21 04:28:39', 0, NULL, '2024-11-27 01:52:14', 1),
(199, 'DANA', 2, 3, '-', '-', NULL, '2024-11-21 04:28:39', 0, NULL, '2024-11-27 01:52:14', 1),
(200, 'KM2', 2, 3, '-', '-', NULL, '2024-11-21 04:28:39', 0, NULL, '2024-11-27 01:52:14', 1),
(201, 'KM3', 2, 3, '-', '-', NULL, '2024-11-21 04:28:39', 0, NULL, '2024-11-27 01:52:14', 1),
(202, 'ငုံးဥ40', 2, 3, '-', '-', NULL, '2024-11-21 04:28:39', 0, NULL, '2024-11-27 01:52:14', 1),
(203, 'KM4', 2, 3, '-', '-', NULL, '2024-11-21 04:28:39', 0, NULL, '2024-11-27 01:52:14', 1),
(204, 'ငုံးဥ50', 2, 3, '-', '-', NULL, '2024-11-21 04:28:39', 0, NULL, '2024-11-27 01:52:14', 1),
(205, 'M2L', 2, 3, '-', '-', NULL, '2024-11-21 04:28:39', 0, NULL, '2024-11-27 01:52:14', 1),
(206, 'ငုံးဥ24', 2, 3, '-', '-', NULL, '2024-11-21 04:28:39', 0, NULL, '2024-11-27 01:52:14', 1),
(207, 'ကြက်ဥပန်း', 2, 6, '-', '-', NULL, '2024-11-21 04:28:39', 0, NULL, '2024-11-27 01:52:14', 1),
(208, 'J9 (ပလပ်စတစ်)', 2, 3, '-', '-', NULL, '2024-11-21 04:28:39', 0, NULL, '2024-11-27 01:52:14', 1),
(209, 'ကြက်ဥ အကြည်', 2, 3, '-', '-', NULL, '2024-11-21 04:28:39', 0, NULL, '2024-11-27 01:52:14', 1),
(210, 'J10', 2, 3, '-', '-', NULL, '2024-11-21 04:28:39', 0, NULL, '2024-11-27 01:52:14', 1),
(211, 'J11', 2, 3, '-', '-', NULL, '2024-11-21 04:28:39', 0, NULL, '2024-11-27 01:52:14', 1),
(212, 'ခြောက်လုံးကဒ်', 2, 3, '-', '-', NULL, '2024-11-21 04:28:39', 0, NULL, '2024-11-27 01:52:14', 1),
(213, 'GM16', 2, 3, '-', '-', NULL, '2024-11-21 04:28:39', 0, NULL, '2024-11-27 01:52:14', 1),
(214, '4လုံးကဒ်', 2, 3, '-', '-', NULL, '2024-11-21 04:28:39', 0, NULL, '2024-11-27 01:52:14', 1),
(215, 'GP', 2, 3, '-', '-', NULL, '2024-11-21 04:28:39', 0, NULL, '2024-11-27 01:52:14', 1),
(216, 'GC', 2, 3, '-', '-', NULL, '2024-11-21 04:28:39', 0, NULL, '2024-11-27 01:52:14', 1),
(217, '10လုံးကဒ် A+', 2, 6, '-', '-', NULL, '2024-11-21 04:28:39', 0, NULL, '2024-11-27 01:52:14', 1),
(218, 'E30 ကဒ် အဖုံး', 2, 3, '-', '-', NULL, '2024-11-21 04:28:39', 0, NULL, '2024-11-27 01:52:14', 1),
(219, '9 ခွက်ကြီး', 2, 3, '-', '-', NULL, '2024-11-21 04:28:39', 0, NULL, '2024-11-27 01:52:14', 1),
(220, '9 ခွက်သေး', 2, 3, '-', '-', NULL, '2024-11-21 04:28:39', 0, NULL, '2024-11-27 01:52:14', 1),
(221, 'ကြက်ဟောင်း', 2, 3, '-', '-', NULL, '2024-11-21 04:28:39', 0, NULL, '2024-11-27 01:52:14', 1),
(222, '12 ခွက်ကြီး', 2, 3, '-', '-', NULL, '2024-11-21 04:28:39', 0, NULL, '2024-11-27 01:52:14', 1),
(223, 'ရှူဆေးဗူး', 2, 3, '-', '-', NULL, '2024-11-21 04:28:39', 0, NULL, '2024-11-27 01:52:14', 1),
(224, '12 ခွက်သေး', 2, 3, '-', '-', NULL, '2024-11-21 04:28:39', 0, NULL, '2024-11-27 01:52:14', 1),
(225, 'ရေခဲမုန့်ခွက် အဖုံး', 2, 3, '-', '-', NULL, '2024-11-21 04:28:39', 0, NULL, '2024-11-27 01:52:14', 1),
(226, '3 ခွက်', 2, 3, '-', '-', NULL, '2024-11-21 04:28:39', 0, NULL, '2024-11-27 01:52:14', 1),
(227, '8 ခွက်', 2, 3, '-', '-', NULL, '2024-11-21 04:28:39', 0, NULL, '2024-11-27 01:52:14', 1),
(228, 'A15 ရွှေ', 2, 5, '-', '-', NULL, '2024-11-21 04:28:39', 0, NULL, '2024-11-27 01:52:14', 1),
(229, 'ချန်ပီယံ 6 ခွက်', 2, 3, '-', '-', NULL, '2024-11-21 04:28:39', 0, NULL, '2024-11-27 01:52:14', 1),
(230, 'H10 ရွှေ', 2, 5, '-', '-', NULL, '2024-11-21 04:28:39', 0, NULL, '2024-11-27 01:52:14', 1),
(231, 'ချန်ပီယံ (အဝိုင်း)', 2, 3, '-', '-', NULL, '2024-11-21 04:28:39', 0, NULL, '2024-11-27 01:52:14', 1),
(232, 'ပါရမီ (ရေခွက်)', 2, 3, '-', '-', NULL, '2024-11-21 04:28:39', 0, NULL, '2024-11-27 01:52:14', 1),
(233, 'GH1003 ရိုးရိုး', 2, 3, '-', '-', NULL, '2024-11-21 04:28:39', 0, NULL, '2024-11-27 01:52:14', 1),
(234, 'GH1003 ရွှေ', 2, 5, '-', '-', NULL, '2024-11-21 04:28:39', 0, NULL, '2024-11-27 01:52:14', 1),
(235, 'H1', 2, 3, '-', '-', NULL, '2024-11-21 04:28:39', 0, NULL, '2024-11-27 01:52:14', 1),
(236, 'H2(အပါး)', 2, 3, '-', '-', NULL, '2024-11-21 04:28:39', 0, NULL, '2024-11-27 01:52:14', 1),
(237, 'J9 ဖော့', 2, 3, '-', '-', NULL, '2024-11-21 04:28:39', 0, NULL, '2024-11-27 01:52:14', 1),
(238, 'J9 ခေါင်း', 2, 3, '-', '-', NULL, '2024-11-21 04:28:39', 0, NULL, '2024-11-27 01:52:14', 1),
(239, 'H2(အထူ)', 2, 3, '-', '-', NULL, '2024-11-21 04:28:39', 0, NULL, '2024-11-27 01:52:14', 1),
(240, 'H3', 2, 3, '-', '-', NULL, '2024-11-21 04:28:39', 0, NULL, '2024-11-27 01:52:14', 1),
(241, 'H4', 2, 3, '-', '-', NULL, '2024-11-21 04:28:39', 0, NULL, '2024-11-27 01:52:14', 1),
(242, 'A3K', 2, 3, '-', '-', NULL, '2024-11-21 04:28:39', 0, NULL, '2024-11-27 01:52:14', 1),
(243, 'H5', 2, 3, '-', '-', NULL, '2024-11-21 04:28:39', 0, NULL, '2024-11-27 01:52:14', 1),
(244, 'H3P', 2, 3, '-', '-', NULL, '2024-11-21 04:28:39', 0, NULL, '2024-11-27 01:52:14', 1),
(245, 'H6', 2, 3, '-', '-', NULL, '2024-11-21 04:28:39', 0, NULL, '2024-11-27 01:52:14', 1),
(246, 'H225', 2, 3, '-', '-', NULL, '2024-11-21 04:28:39', 0, NULL, '2024-11-27 01:52:14', 1),
(247, 'H7', 2, 3, '-', '-', NULL, '2024-11-21 04:28:39', 0, NULL, '2024-11-27 01:52:14', 1),
(248, 'BO20', 2, 3, '-', '-', NULL, '2024-11-21 04:28:39', 0, NULL, '2024-11-27 01:52:14', 1),
(249, 'H9', 2, 3, '-', '-', NULL, '2024-11-21 04:28:39', 0, NULL, '2024-11-27 01:52:14', 1),
(250, 'H10(အသစ်)', 2, 3, '-', '-', NULL, '2024-11-21 04:28:39', 0, NULL, '2024-11-27 01:52:14', 1),
(251, 'H10(အဟောင်း)', 2, 3, '-', '-', NULL, '2024-11-21 04:28:39', 0, NULL, '2024-11-27 01:52:14', 1),
(252, 'BO21', 2, 3, '-', '-', NULL, '2024-11-21 04:28:39', 0, NULL, '2024-11-27 01:52:14', 1),
(253, 'H11', 2, 3, '-', '-', NULL, '2024-11-21 04:28:39', 0, NULL, '2024-11-27 01:52:14', 1),
(254, 'BO22', 2, 3, '-', '-', NULL, '2024-11-21 04:28:39', 0, NULL, '2024-11-27 01:52:14', 1),
(255, 'BO49', 2, 3, '-', '-', NULL, '2024-11-21 04:28:39', 0, NULL, '2024-11-27 01:52:14', 1),
(256, 'H14', 2, 3, '-', '-', NULL, '2024-11-21 04:28:39', 0, NULL, '2024-11-27 01:52:14', 1),
(257, 'BO52', 2, 3, '-', '-', NULL, '2024-11-21 04:28:39', 0, NULL, '2024-11-27 01:52:14', 1),
(258, 'B083', 2, 3, '-', '-', NULL, '2024-11-21 04:28:39', 0, NULL, '2024-11-27 01:52:14', 1),
(259, 'H15', 2, 3, '-', '-', NULL, '2024-11-21 04:28:39', 0, NULL, '2024-11-27 01:52:14', 1),
(260, 'H16', 2, 3, '-', '-', NULL, '2024-11-21 04:28:39', 0, NULL, '2024-11-27 01:52:14', 1),
(261, 'MBO6', 2, 3, '-', '-', NULL, '2024-11-21 04:28:39', 0, NULL, '2024-11-27 01:52:14', 1),
(262, 'H19', 2, 3, '-', '-', NULL, '2024-11-21 04:28:39', 0, NULL, '2024-11-27 01:52:14', 1),
(263, 'H24', 2, 3, '-', '-', NULL, '2024-11-21 04:28:39', 0, NULL, '2024-11-27 01:52:14', 1),
(264, 'BO31', 2, 3, '-', '-', NULL, '2024-11-21 04:28:39', 0, NULL, '2024-11-27 01:52:14', 1),
(265, 'H25', 2, 3, '-', '-', NULL, '2024-11-21 04:28:39', 0, NULL, '2024-11-27 01:52:14', 1),
(266, 'H30', 2, 3, '-', '-', NULL, '2024-11-21 04:28:39', 0, NULL, '2024-11-27 01:52:14', 1),
(267, 'H18', 2, 3, '-', '-', NULL, '2024-11-21 04:28:39', 0, NULL, '2024-11-27 01:52:14', 1),
(268, 'BO33', 2, 3, '-', '-', NULL, '2024-11-21 04:28:39', 0, NULL, '2024-11-27 01:52:14', 1),
(269, 'H39', 2, 3, '-', '-', NULL, '2024-11-21 04:28:39', 0, NULL, '2024-11-27 01:52:14', 1),
(270, 'BO37', 2, 3, '-', '-', NULL, '2024-11-21 04:28:39', 0, NULL, '2024-11-27 01:52:14', 1),
(271, 'H50', 2, 3, '-', '-', NULL, '2024-11-21 04:28:39', 0, NULL, '2024-11-27 01:52:14', 1),
(272, 'BO38', 2, 3, '-', '-', NULL, '2024-11-21 04:28:39', 0, NULL, '2024-11-27 01:52:14', 1),
(273, 'BO39', 2, 3, '-', '-', NULL, '2024-11-21 04:28:39', 0, NULL, '2024-11-27 01:52:14', 1),
(274, 'H51', 2, 3, '-', '-', NULL, '2024-11-21 04:28:39', 0, NULL, '2024-11-27 01:52:14', 1),
(275, 'BO41', 2, 3, '-', '-', NULL, '2024-11-21 04:28:39', 0, NULL, '2024-11-27 01:52:14', 1),
(276, 'H55', 2, 3, '-', '-', NULL, '2024-11-21 04:28:39', 0, NULL, '2024-11-27 01:52:14', 1),
(277, 'B069', 2, 3, '-', '-', NULL, '2024-11-21 04:28:39', 0, NULL, '2024-11-27 01:52:14', 1),
(278, 'H99', 2, 3, '-', '-', NULL, '2024-11-21 04:28:39', 0, NULL, '2024-11-27 01:52:14', 1),
(279, 'BO80', 2, 3, '-', '-', NULL, '2024-11-21 04:28:39', 0, NULL, '2024-11-27 01:52:14', 1),
(280, 'H170', 2, 3, '-', '-', NULL, '2024-11-21 04:28:39', 0, NULL, '2024-11-27 01:52:14', 1),
(281, 'BO23', 2, 3, '-', '-', NULL, '2024-11-21 04:28:39', 0, NULL, '2024-11-27 01:52:14', 1),
(282, 'BO25', 2, 3, '-', '-', NULL, '2024-11-21 04:28:39', 0, NULL, '2024-11-27 01:52:14', 1),
(283, 'H186', 2, 3, '-', '-', NULL, '2024-11-21 04:28:39', 0, NULL, '2024-11-27 01:52:14', 1),
(284, 'BO016', 2, 3, '-', '-', NULL, '2024-11-21 04:28:39', 0, NULL, '2024-11-27 01:52:14', 1),
(285, 'H194', 2, 3, '-', '-', NULL, '2024-11-21 04:28:39', 0, NULL, '2024-11-27 01:52:14', 1),
(286, 'DN1', 2, 3, '-', '-', NULL, '2024-11-21 04:28:39', 0, NULL, '2024-11-27 01:52:14', 1),
(287, 'H195', 2, 3, '-', '-', NULL, '2024-11-21 04:28:39', 0, NULL, '2024-11-27 01:52:14', 1),
(288, 'SNP', 2, 3, '-', '-', NULL, '2024-11-21 04:28:39', 0, NULL, '2024-11-27 01:52:14', 1),
(289, 'H197', 2, 3, '-', '-', NULL, '2024-11-21 04:28:39', 0, NULL, '2024-11-27 01:52:14', 1),
(290, 'A001', 2, 3, '-', '-', NULL, '2024-11-21 04:28:39', 0, NULL, '2024-11-27 01:52:14', 1),
(291, 'H198', 2, 3, '-', '-', NULL, '2024-11-21 04:28:39', 0, NULL, '2024-11-27 01:52:14', 1),
(292, 'B01', 2, 3, '-', '-', NULL, '2024-11-21 04:28:39', 0, NULL, '2024-11-27 01:52:14', 1),
(293, 'H204', 2, 3, '-', '-', NULL, '2024-11-21 04:28:39', 0, NULL, '2024-11-27 01:52:14', 1),
(294, 'ပုံစံသစ်', 2, 3, '-', '-', NULL, '2024-11-21 04:28:39', 0, NULL, '2024-11-27 01:52:14', 1),
(295, 'H207', 2, 3, '-', '-', NULL, '2024-11-21 04:28:39', 0, NULL, '2024-11-27 01:52:14', 1),
(296, 'H217', 2, 3, '-', '-', NULL, '2024-11-21 04:28:39', 0, NULL, '2024-11-27 01:52:14', 1),
(297, 'GB1', 2, 3, '-', '-', NULL, '2024-11-21 04:28:39', 0, NULL, '2024-11-27 01:52:14', 1),
(298, 'ANO1', 2, 3, '-', '-', NULL, '2024-11-21 04:28:39', 0, NULL, '2024-11-27 01:52:14', 1),
(299, 'H218', 2, 3, '-', '-', NULL, '2024-11-21 04:28:39', 0, NULL, '2024-11-27 01:52:14', 1),
(300, 'H221', 2, 3, '-', '-', NULL, '2024-11-21 04:28:39', 0, NULL, '2024-11-27 01:52:14', 1),
(301, 'ANO2', 2, 3, '-', '-', NULL, '2024-11-21 04:28:39', 0, NULL, '2024-11-27 01:52:14', 1),
(302, 'H226', 2, 3, '-', '-', NULL, '2024-11-21 04:28:39', 0, NULL, '2024-11-27 01:52:14', 1),
(303, 'ANO3', 2, 3, '-', '-', NULL, '2024-11-21 04:28:39', 0, NULL, '2024-11-27 01:52:14', 1),
(304, 'H1951', 2, 3, '-', '-', NULL, '2024-11-21 04:28:39', 0, NULL, '2024-11-27 01:52:14', 1),
(305, 'ANO4 အဟောင်း', 2, 3, '-', '-', NULL, '2024-11-21 04:28:39', 0, NULL, '2024-11-27 01:52:14', 1),
(306, 'ANO4 အသစ်', 2, 3, '-', '-', NULL, '2024-11-21 04:28:39', 0, NULL, '2024-11-27 01:52:14', 1),
(307, 'BX02', 2, 3, '-', '-', NULL, '2024-11-21 04:28:39', 0, NULL, '2024-11-27 01:52:14', 1),
(308, 'ANO5', 2, 3, '-', '-', NULL, '2024-11-21 04:28:39', 0, NULL, '2024-11-27 01:52:14', 1),
(309, 'BX03', 2, 3, '-', '-', NULL, '2024-11-21 04:28:39', 0, NULL, '2024-11-27 01:52:14', 1),
(310, 'ANO6', 2, 3, '-', '-', NULL, '2024-11-21 04:28:39', 0, NULL, '2024-11-27 01:52:14', 1),
(311, 'BX06', 2, 3, '-', '-', NULL, '2024-11-21 04:28:39', 0, NULL, '2024-11-27 01:52:14', 1),
(312, 'ANO7', 2, 3, '-', '-', NULL, '2024-11-21 04:28:39', 0, NULL, '2024-11-27 01:52:14', 1),
(313, 'J005', 2, 3, '-', '-', NULL, '2024-11-21 04:28:39', 0, NULL, '2024-11-27 01:52:14', 1),
(314, 'ANO8', 2, 3, '-', '-', NULL, '2024-11-21 04:28:39', 0, NULL, '2024-11-27 01:52:14', 1),
(315, 'J315', 2, 3, '-', '-', NULL, '2024-11-21 04:28:39', 0, NULL, '2024-11-27 01:52:14', 1),
(316, 'ANO10', 2, 3, '-', '-', NULL, '2024-11-21 04:28:39', 0, NULL, '2024-11-27 01:52:14', 1),
(317, 'ANO11', 2, 3, '-', '-', NULL, '2024-11-21 04:28:39', 0, NULL, '2024-11-27 01:52:14', 1),
(318, 'GUSTO', 2, 3, '-', '-', NULL, '2024-11-21 04:28:39', 0, NULL, '2024-11-27 01:52:14', 1),
(319, 'ANO16', 2, 3, '-', '-', NULL, '2024-11-21 04:28:39', 0, NULL, '2024-11-27 01:52:14', 1),
(320, 'ANO02', 2, 3, '-', '-', NULL, '2024-11-21 04:28:39', 0, NULL, '2024-11-27 01:52:14', 1),
(321, 'ဖက်ထုပ်', 2, 3, '-', '-', NULL, '2024-11-21 04:28:39', 0, NULL, '2024-11-27 01:52:14', 1),
(323, 'စက္ကူခွက်', 2, 3, '-', '-', NULL, '2024-11-21 04:28:39', 0, NULL, '2024-11-27 01:52:14', 1),
(324, 'C001', 2, 3, '-', '-', NULL, '2024-11-21 04:28:39', 0, NULL, '2024-11-27 01:52:14', 1),
(325, 'FUDO12', 2, 3, '-', '-', NULL, '2024-11-21 04:28:39', 0, NULL, '2024-11-27 01:52:14', 1),
(326, 'N19', 2, 3, '-', '-', NULL, '2024-11-21 04:28:39', 0, NULL, '2024-11-27 01:52:14', 1),
(327, 'K286', 2, 3, '-', '-', NULL, '2024-11-21 04:28:39', 0, NULL, '2024-11-27 01:52:14', 1),
(328, 'SNP1', 2, 3, '-', '-', NULL, '2024-11-21 04:28:39', 0, NULL, '2024-11-27 01:52:14', 1),
(329, 'ဖက်ထုပ်(ပီကင်း)', 2, 3, '-', '-', NULL, '2024-11-21 04:28:39', 0, NULL, '2024-11-27 01:52:14', 1),
(330, '14x10', 2, 3, '-', '-', NULL, '2024-11-21 04:28:39', 0, NULL, '2024-11-27 01:52:14', 1),
(331, 'သွားတိုက်တံ(ထိပ်ဝိုင်း)', 2, 3, '-', '-', NULL, '2024-11-21 04:28:39', 0, NULL, '2024-11-27 01:52:14', 1),
(332, '19x10', 2, 3, '-', '-', NULL, '2024-11-21 04:28:39', 0, NULL, '2024-11-27 01:52:14', 1),
(333, '20x13', 2, 3, '-', '-', NULL, '2024-11-21 04:28:39', 0, NULL, '2024-11-27 01:52:14', 1),
(334, 'သွားတိုက်တံ(ထိပ်လေးထောင့်)', 2, 3, '-', '-', NULL, '2024-11-21 04:28:39', 0, NULL, '2024-11-27 01:52:14', 1),
(335, 'F1', 2, 3, '-', '-', NULL, '2024-11-21 04:28:39', 0, NULL, '2024-11-27 01:52:14', 1),
(336, 'F2', 2, 3, '-', '-', NULL, '2024-11-21 04:28:39', 0, NULL, '2024-11-27 01:52:14', 1),
(337, 'F2K', 2, 3, '-', '-', NULL, '2024-11-21 04:28:39', 0, NULL, '2024-11-27 01:52:14', 1),
(338, 'F4', 2, 3, '-', '-', NULL, '2024-11-21 04:28:39', 0, NULL, '2024-11-27 01:52:14', 1),
(339, 'F7', 2, 3, '-', '-', NULL, '2024-11-21 04:28:39', 0, NULL, '2024-11-27 01:52:14', 1),
(340, 'F31', 2, 3, '-', '-', NULL, '2024-11-21 04:28:39', 0, NULL, '2024-11-27 01:52:14', 1),
(341, 'F32', 2, 3, '-', '-', NULL, '2024-11-21 04:28:39', 0, NULL, '2024-11-27 01:52:14', 1),
(342, 'BO01', 2, 3, '-', '-', NULL, '2024-11-21 04:28:39', 0, NULL, '2024-11-27 01:52:14', 1),
(343, 'လမုန့် ထောင့်', 2, 3, '-', '-', NULL, '2024-11-21 04:28:39', 0, NULL, '2024-11-27 01:52:14', 1),
(344, '7 1/2 အဝိုင်း', 2, 3, '-', '-', NULL, '2024-11-21 04:28:39', 0, NULL, '2024-11-27 01:52:14', 1),
(345, 'K1', 2, 3, '-', '-', NULL, '2024-11-21 04:28:39', 0, NULL, '2024-11-27 01:52:14', 1),
(346, 'KY1', 2, 3, '-', '-', NULL, '2024-11-21 04:28:39', 0, NULL, '2024-11-27 01:52:14', 1),
(347, 'KMH - 8', 2, 3, '-', '-', NULL, '2024-11-21 04:28:39', 0, NULL, '2024-11-27 01:52:14', 1),
(348, 'SP3', 2, 3, '-', '-', NULL, '2024-11-21 04:28:39', 0, NULL, '2024-11-27 01:52:14', 1),
(349, 'Y-3500', 4, 3, '-', '-', NULL, '2024-11-21 04:28:39', 0, NULL, '2024-11-27 01:52:14', 1),
(350, 'Y-2000', 4, 3, '-', '-', NULL, '2024-11-21 04:28:39', 0, NULL, '2024-11-27 01:52:14', 1),
(351, 'Y-3000', 4, 3, '-', '-', NULL, '2024-11-21 04:28:39', 0, NULL, '2024-11-27 01:52:14', 1),
(352, 'B40 / ANO40L', 2, 3, '-', '-', NULL, '2024-11-21 04:28:39', 0, NULL, '2024-11-27 01:52:14', 1),
(353, 'Y-2500', 4, 3, '-', '-', NULL, '2024-11-21 04:28:39', 0, NULL, '2024-11-27 01:52:14', 1),
(354, 'Z x 003', 2, 3, '-', '-', NULL, '2024-11-21 04:28:39', 0, NULL, '2024-11-27 01:52:14', 1),
(355, 'Y-1500', 4, 3, '-', '-', NULL, '2024-11-21 04:28:39', 0, NULL, '2024-11-27 01:52:14', 1),
(356, 'PT5', 2, 3, '-', '-', NULL, '2024-11-21 04:28:39', 0, NULL, '2024-11-27 01:52:14', 1),
(357, 'Y-1250', 4, 3, '-', '-', NULL, '2024-11-21 04:28:39', 0, NULL, '2024-11-27 01:52:14', 1),
(358, 'PT1', 2, 3, '-', '-', NULL, '2024-11-21 04:28:39', 0, NULL, '2024-11-27 01:52:14', 1),
(359, 'PT23', 2, 3, '-', '-', NULL, '2024-11-21 04:28:39', 0, NULL, '2024-11-27 01:52:14', 1),
(360, 'Y-1000', 4, 3, '-', '-', NULL, '2024-11-21 04:28:39', 0, NULL, '2024-11-27 01:52:14', 1),
(361, 'N2', 2, 3, '-', '-', NULL, '2024-11-21 04:28:39', 0, NULL, '2024-11-27 01:52:14', 1),
(362, 'Y-800', 4, 3, '-', '-', NULL, '2024-11-21 04:28:39', 0, NULL, '2024-11-27 01:52:14', 1),
(363, 'PTO4', 2, 3, '-', '-', NULL, '2024-11-21 04:28:39', 0, NULL, '2024-11-27 01:52:14', 1),
(364, 'T02', 2, 3, '-', '-', NULL, '2024-11-21 04:28:39', 0, NULL, '2024-11-27 01:52:14', 1),
(365, 'Y-750', 4, 3, '-', '-', NULL, '2024-11-21 04:28:39', 0, NULL, '2024-11-27 01:52:14', 1),
(366, 'KH014', 2, 3, '-', '-', NULL, '2024-11-21 04:28:39', 0, NULL, '2024-11-27 01:52:14', 1),
(367, 'Y-450', 4, 3, '-', '-', NULL, '2024-11-21 04:28:39', 0, NULL, '2024-11-27 01:52:14', 1),
(368, 'SP4', 2, 3, '-', '-', NULL, '2024-11-21 04:28:39', 0, NULL, '2024-11-27 01:52:14', 1),
(369, 'T1', 2, 3, '-', '-', NULL, '2024-11-21 04:28:39', 0, NULL, '2024-11-27 01:52:14', 1),
(370, 'Y-300', 4, 3, '-', '-', NULL, '2024-11-21 04:28:39', 0, NULL, '2024-11-27 01:52:14', 1),
(371, 'KS', 2, 3, '-', '-', NULL, '2024-11-21 04:28:39', 0, NULL, '2024-11-27 01:52:14', 1),
(372, 'C-1000', 4, 3, '-', '-', NULL, '2024-11-21 04:28:39', 0, NULL, '2024-11-27 01:52:14', 1),
(373, 'T2', 2, 3, '-', '-', NULL, '2024-11-21 04:28:39', 0, NULL, '2024-11-27 01:52:14', 1),
(374, 'SP2', 2, 3, '-', '-', NULL, '2024-11-21 04:28:39', 0, NULL, '2024-11-27 01:52:14', 1),
(375, 'C-1500', 4, 3, '-', '-', NULL, '2024-11-21 04:28:39', 0, NULL, '2024-11-27 01:52:14', 1),
(376, 'COCOA', 2, 2, '-', '-', NULL, '2024-11-21 04:28:39', 0, NULL, '2024-11-27 01:52:14', 1),
(377, 'C-750', 4, 3, '-', '-', NULL, '2024-11-21 04:28:39', 0, NULL, '2024-11-27 01:52:14', 1),
(378, 'SP1', 2, 3, '-', '-', NULL, '2024-11-21 04:28:39', 0, NULL, '2024-11-27 01:52:14', 1),
(379, 'C-650', 4, 3, '-', '-', NULL, '2024-11-21 04:28:39', 0, NULL, '2024-11-27 01:52:14', 1),
(380, 'C-500', 4, 3, '-', '-', NULL, '2024-11-21 04:28:39', 0, NULL, '2024-11-27 01:52:14', 1),
(381, 'မစ်ရှိတ်အဖုံး', 2, 3, '-', '-', NULL, '2024-11-21 04:28:39', 0, NULL, '2024-11-27 01:52:14', 1),
(382, 'GM15', 2, 3, '-', '-', NULL, '2024-11-21 04:28:39', 0, NULL, '2024-11-27 01:52:14', 1),
(383, 'SG-828', 4, 3, '-', '-', NULL, '2024-11-21 04:28:39', 0, NULL, '2024-11-27 01:52:14', 1),
(384, 'A125', 2, 3, '-', '-', NULL, '2024-11-21 04:28:39', 0, NULL, '2024-11-27 01:52:14', 1),
(385, 'K2', 2, 3, '-', '-', NULL, '2024-11-21 04:28:39', 0, NULL, '2024-11-27 01:52:14', 1),
(386, 'H125', 2, 3, '-', '-', NULL, '2024-11-21 04:28:39', 0, NULL, '2024-11-27 01:52:14', 1),
(387, '40Z', 2, 3, '-', '-', NULL, '2024-11-21 04:28:39', 0, NULL, '2024-11-27 01:52:14', 1),
(388, 'တိုမို', 2, 3, '-', '-', NULL, '2024-11-21 04:28:39', 0, NULL, '2024-11-27 01:52:14', 1),
(389, '5လိုင်း', 2, 3, '-', '-', NULL, '2024-11-21 04:28:39', 0, NULL, '2024-11-27 01:52:14', 1),
(390, 'BO84', 2, 3, '-', '-', NULL, '2024-11-21 04:28:39', 0, NULL, '2024-11-27 01:52:14', 1),
(391, 'P4', 2, 3, '-', '-', NULL, '2024-11-21 04:28:39', 0, NULL, '2024-11-27 01:52:14', 1),
(392, '19x19', 2, 3, '-', '-', NULL, '2024-11-21 04:28:39', 0, NULL, '2024-11-27 01:52:14', 1),
(393, '3ကန့်(အကြည်) change type pp', 4, 3, '-', '-', NULL, '2024-11-21 04:28:39', 0, NULL, '2024-11-27 01:52:14', 1),
(394, '2003A', 2, 3, '-', '-', NULL, '2024-11-21 04:28:39', 0, NULL, '2024-11-27 01:52:14', 1),
(395, 'BO59', 2, 3, '-', '-', NULL, '2024-11-21 04:28:39', 0, NULL, '2024-11-27 01:52:14', 1),
(396, 'h123', 2, 3, '12', '3', NULL, '2024-11-21 04:28:39', 0, NULL, '2024-11-27 01:52:14', 1),
(423, 'test222', 3, 2, '12', '3', NULL, '2024-11-21 04:28:39', 0, NULL, '2024-11-27 01:52:14', 1),
(424, 'test-6', 3, 3, '', '', NULL, '2024-11-21 04:28:39', 0, NULL, '2024-11-27 01:52:14', 1),
(425, 'h', 8, 2, '', '', NULL, '2024-11-21 04:28:39', 0, NULL, '2024-11-27 01:52:14', 1),
(426, 'h', 3, NULL, NULL, '3', NULL, '2024-11-21 04:28:39', 0, NULL, '2024-11-27 01:52:14', 1),
(431, 'h', 3, 4, '', '', NULL, '2024-11-21 04:28:39', 0, NULL, '2024-11-27 01:52:14', 1),
(432, 'testc', 2, 3, '12', '12', NULL, '2024-11-21 04:28:39', 0, NULL, '2024-11-27 01:52:14', 1),
(433, 'testc', 2, 2, '12', '3', NULL, '2024-11-21 04:28:39', 0, NULL, '2024-11-27 01:52:14', 1),
(434, 'test-size', 3, 3, '1', '1', NULL, '2024-11-21 04:28:39', 0, NULL, '2024-11-27 01:52:14', 1),
(435, 'testattribute', 2, NULL, NULL, '1', NULL, '2024-11-21 04:28:39', 0, NULL, '2024-11-27 01:52:14', 1),
(436, 'a', 3, 3, 'a', 'a', NULL, '2024-11-21 04:28:39', 0, NULL, '2024-11-27 01:52:14', 1),
(437, '11', 3, 3, '1', '1', 1, '2024-11-21 04:28:39', 0, NULL, '2024-11-27 01:52:14', 1),
(438, '11', 3, 3, '1', '1', 1, '2024-11-21 04:28:39', 0, NULL, '2024-11-27 01:52:14', 1),
(447, '100', 2, 3, '100', '100', 1, '2024-11-21 04:28:39', 0, NULL, '2024-11-27 01:52:14', 1),
(448, 'testp', 3, 4, '12', '12', 3, '2024-11-21 04:28:39', 0, NULL, '2024-11-27 01:52:14', 1),
(449, 'pt', 4, 2, '1', '1', 2, '2024-11-21 04:28:39', 0, NULL, '2024-11-27 01:52:14', 1),
(450, 'testprice', 3, 3, '1000', '1000', 2, '2024-11-21 04:28:39', 0, NULL, '2024-11-27 01:52:14', 1),
(451, 'testpcs', 2, 3, '1000', '1000', 1, '2024-11-21 04:28:39', 0, NULL, '2024-11-27 01:52:14', 1),
(452, 'testdetail', 4, 4, '1000', '1000', 2, '2024-11-21 04:28:39', 0, NULL, '2024-11-27 01:52:14', 1),
(454, 'Y-300ml', 3, 3, '1000', '1000', 1, '2024-11-21 04:28:39', 0, NULL, '2024-11-27 01:52:14', 1),
(456, 'Y-750ml', 3, 3, '1000', '1000', 1, '2024-11-21 04:28:39', 0, NULL, '2024-11-27 01:52:14', 1),
(457, 'Y-1000ml', 3, 3, '1000', '1000', 1, '2024-11-21 04:28:39', 0, NULL, '2024-11-27 01:52:14', 1),
(458, 'C-500ml', 3, 3, '1000', '1000', 2, '2024-11-21 04:28:39', 0, NULL, '2024-11-27 01:52:14', 1),
(472, 'Y-300ml', 4, 3, 'Y300-ml', 'Y-300', 1, '2024-11-21 04:28:39', 0, NULL, '2024-11-27 01:52:14', 1),
(473, 'Y-750', 3, 5, '750ml', '750', 1, '2024-11-21 04:28:39', 0, NULL, '2024-11-27 01:52:14', 1),
(474, 'C-1500ml', 3, 3, '1000', '1000', 2, '2024-11-21 04:28:39', 0, NULL, '2024-11-27 01:52:14', 1),
(475, '3 ကန', 4, 7, '3', '3', 3, '2024-11-21 04:28:39', 0, NULL, '2024-11-27 01:52:14', 1),
(476, '33', 3, 3, '12', '12233', 3, '2024-11-21 04:28:39', 0, NULL, '2024-11-27 01:52:14', 1),
(50527, 'Lunch Boxx', 4, NULL, '1000', '2000', 3, '2024-12-05 03:06:35', NULL, NULL, '2024-12-06 05:13:26', NULL),
(50528, 'Ma Ma Cup', 3, NULL, '100', '199', 3, '2024-12-06 10:26:28', 0, 'hi, this is a test for mama cup', '2024-12-06 10:26:28', 1);

-- --------------------------------------------------------

--
-- Table structure for table `product_colors`
--

CREATE TABLE `product_colors` (
  `product_id` int(11) NOT NULL,
  `color_id` int(11) NOT NULL
) ENGINE=InnoDB DEFAULT CHARSET=utf8mb4 COLLATE=utf8mb4_general_ci;

--
-- Dumping data for table `product_colors`
--

INSERT INTO `product_colors` (`product_id`, `color_id`) VALUES
(50527, 2),
(50527, 3),
(50527, 4),
(50527, 5),
(50527, 27),
(50527, 29),
(50527, 30),
(50528, 29),
(50528, 30);

-- --------------------------------------------------------

--
-- Table structure for table `product_pcs_per_box`
--

CREATE TABLE `product_pcs_per_box` (
  `product_id` int(11) NOT NULL,
  `pcs_per_box_id` int(11) NOT NULL
) ENGINE=InnoDB DEFAULT CHARSET=utf8mb4 COLLATE=utf8mb4_general_ci;

--
-- Dumping data for table `product_pcs_per_box`
--

INSERT INTO `product_pcs_per_box` (`product_id`, `pcs_per_box_id`) VALUES
(50527, 1),
(50527, 2),
(50527, 3),
(50527, 4),
(50528, 1);

-- --------------------------------------------------------

--
-- Table structure for table `product_prices`
--

CREATE TABLE `product_prices` (
  `product_id` int(11) NOT NULL,
  `price_id` int(11) NOT NULL
) ENGINE=InnoDB DEFAULT CHARSET=utf8mb4 COLLATE=utf8mb4_general_ci;

--
-- Dumping data for table `product_prices`
--

INSERT INTO `product_prices` (`product_id`, `price_id`) VALUES
(50527, 81),
(50527, 82),
(50528, 83),
(50528, 84),
(50528, 85),
(50528, 86);

-- --------------------------------------------------------

--
-- Table structure for table `product_warehouse`
--

CREATE TABLE `product_warehouse` (
  `product_id` int(11) NOT NULL,
  `warehouse_id` int(11) NOT NULL
) ENGINE=InnoDB DEFAULT CHARSET=utf8mb4 COLLATE=utf8mb4_general_ci;

--
-- Dumping data for table `product_warehouse`
--

INSERT INTO `product_warehouse` (`product_id`, `warehouse_id`) VALUES
(50527, 1),
(50527, 2),
(50528, 5),
(50528, 6);

-- --------------------------------------------------------

--
-- Table structure for table `raw_material`
--

CREATE TABLE `raw_material` (
  `id` int(11) NOT NULL,
  `material_name` varchar(255) NOT NULL,
  `source` varchar(50) DEFAULT NULL,
  `import_date` date DEFAULT NULL,
  `quantity` int(11) DEFAULT NULL,
  `importer` varchar(100) DEFAULT NULL,
  `unit` varchar(10) DEFAULT NULL
) ENGINE=InnoDB DEFAULT CHARSET=utf8mb4 COLLATE=utf8mb4_general_ci;

--
-- Dumping data for table `raw_material`
--

INSERT INTO `raw_material` (`id`, `material_name`, `source`, `import_date`, `quantity`, `importer`, `unit`) VALUES
(28, 'Plywood Sheets', 'foreign', '2024-11-08', 1000, 'Yangon Import Services', 'kg'),
(29, 'Nylon Thread', 'foreign', '2024-11-15', 500, 'Global Supplies Inc.', 'lbs'),
(30, 'PVC Pipes', 'local', '2024-11-14', 60000, 'ဒေါက်တာမြနွယ်ကုမ္ပဏီ', 'ton'),
(31, 'စက္ကူအိတ်များ', 'local', '2024-08-05', 67000, 'Diamond Star Co., Ltd.', 'viss');

-- --------------------------------------------------------

--
-- Table structure for table `roles`
--

CREATE TABLE `roles` (
  `id` int(11) NOT NULL,
  `name` varchar(255) NOT NULL
) ENGINE=InnoDB DEFAULT CHARSET=utf8mb4 COLLATE=utf8mb4_general_ci;

--
-- Dumping data for table `roles`
--

INSERT INTO `roles` (`id`, `name`) VALUES
(16, 'Admin'),
(17, 'akj'),
(21, 'sp11'),
(22, ''),
(23, 'b'),
(24, 't'),
(25, 'Admin'),
(26, 'hi');

-- --------------------------------------------------------

--
-- Table structure for table `role_permissions`
--

CREATE TABLE `role_permissions` (
  `id` int(11) NOT NULL,
  `role_id` int(11) DEFAULT NULL,
  `permission_id` int(11) DEFAULT NULL
) ENGINE=InnoDB DEFAULT CHARSET=utf8mb4 COLLATE=utf8mb4_general_ci;

-- --------------------------------------------------------

--
-- Table structure for table `stock_logs`
--

CREATE TABLE `stock_logs` (
  `id` int(11) NOT NULL,
  `product_id` int(11) NOT NULL,
  `added_stock` int(11) NOT NULL,
  `date_time` datetime DEFAULT current_timestamp()
) ENGINE=InnoDB DEFAULT CHARSET=utf8mb4 COLLATE=utf8mb4_general_ci;

--
-- Dumping data for table `stock_logs`
--

INSERT INTO `stock_logs` (`id`, `product_id`, `added_stock`, `date_time`) VALUES
(15, 50528, 1000, '2024-12-10 12:40:32'),
(16, 50528, 200, '2024-12-10 12:49:35'),
(17, 50528, 500, '2024-12-10 14:17:23'),
(18, 50528, 2000, '2024-12-10 14:34:55');

-- --------------------------------------------------------

--
-- Table structure for table `suppliers`
--

CREATE TABLE `suppliers` (
  `id` int(11) NOT NULL,
  `name` varchar(255) NOT NULL,
  `address` varchar(255) DEFAULT NULL,
  `contact_person` varchar(255) DEFAULT NULL,
  `phone` varchar(50) DEFAULT NULL,
  `email` varchar(255) DEFAULT NULL,
  `source` enum('local','foreign') NOT NULL,
  `join_date` date DEFAULT NULL,
  `created_at` datetime DEFAULT NULL
) ENGINE=InnoDB DEFAULT CHARSET=utf8mb4 COLLATE=utf8mb4_general_ci;

--
-- Dumping data for table `suppliers`
--

INSERT INTO `suppliers` (`id`, `name`, `address`, `contact_person`, `phone`, `email`, `source`, `join_date`, `created_at`) VALUES
(12, 'Shwe Pyi Thar Suppliers', 'No.45, Pyay Rd, Mandalay', 'Thida Moe', '+95 9 9876543210', 'shwepyithar@example.com', 'local', '2021-11-30', NULL),
(13, 'Golden Land Distributors', 'No.77, Sule Pagoda Rd, Yangon', NULL, '+95 905678123456', 'goldenland@example.com', 'local', NULL, NULL),
(14, 'ဒေါက်တာမြနွယ်ကုမ္ပဏီ', 'အမှတ် (၇၄) လမ်း၊ မန္တလေး', 'မြနွယ်', '+95 9 3456789123', 'dr.myanwel@example.com', 'local', '2021-09-15', NULL),
(15, 'ကမ္ဘာမြေထုတ်ကုန်', 'အမှတ် (၂၃၄) လမ်း၊ ရန်ကုန်', 'မြမြင့်မြတ်', '+95 9 4567891234', 'earth.products@example.com', 'local', '2022-12-25', NULL),
(16, 'ABC Exports', '123 Orchard Rd, Singapore', 'John L', '+65 9876543210', 'abc.exports@example.com', 'foreign', '2021-06-15', NULL),
(17, 'Yangon Import Services', '567 Main St, Beijing, China', 'Zhang Wei', '+86 12345678901', 'yangon.import@example.cn', 'foreign', '0201-07-10', NULL);

-- --------------------------------------------------------

--
-- Table structure for table `type`
--

CREATE TABLE `type` (
  `id` int(11) NOT NULL,
  `type_name` varchar(255) NOT NULL
) ENGINE=InnoDB DEFAULT CHARSET=utf8mb4 COLLATE=utf8mb4_general_ci;

--
-- Dumping data for table `type`
--

INSERT INTO `type` (`id`, `type_name`) VALUES
(2, 'PET'),
(3, 'PVC'),
(4, 'Microwave'),
(8, 'test'),
(13, 'gg');

-- --------------------------------------------------------

--
-- Table structure for table `users`
--

CREATE TABLE `users` (
  `id` int(11) NOT NULL,
  `name` varchar(255) DEFAULT NULL,
  `role` varchar(255) DEFAULT NULL,
  `status` varchar(255) DEFAULT NULL,
  `promote` tinyint(1) DEFAULT NULL,
  `last_login` datetime DEFAULT NULL,
  `email` varchar(255) NOT NULL,
  `password` varchar(255) NOT NULL
) ENGINE=InnoDB DEFAULT CHARSET=utf8mb4 COLLATE=utf8mb4_general_ci;

--
-- Dumping data for table `users`
--

INSERT INTO `users` (`id`, `name`, `role`, `status`, `promote`, `last_login`, `email`, `password`) VALUES
(4, 'Wa Thone Kyaw', NULL, 'Active', 1, '2024-11-29 15:00:40', 'wathonekyaw.org@gmail.com', '$2a$10$Tz6g58boNfsFz1v5fRmGI.EFB7GYYttl8i4OtfNdDznqRpMeBZaai'),
(9, 'test', NULL, 'Active', 1, '2024-11-04 13:12:11', 'test', '$2b$10$0.nye76ZvpMYNin/s8.KC.L09sxbPGeJTvlQsm8fsicSHjIPeeJ8m'),
(10, 'test1', NULL, 'Active', 1, '2024-10-10 11:39:38', 'test1', '$2a$10$DDySVrc2XNHVS/7JOw6mu.RdMtcOw5SBs.WgO8e7IPsOdLFuEpjMy'),
(11, 'test22', 'test', 'Active', 1, '2024-11-27 11:38:14', 'test2', '$2b$10$HKoefxOK62i6oXaZnFglkONcFhI.2Ja2a6Mwi4BZdcrqqZMyD2T2m'),
(12, 'Wa Thone Kyaw', 'admin', 'Active', 1, '2024-11-29 09:07:24', 'wathonekyaw.x@gmail.com', '$2a$10$DmhMi5Cg8uStHDEIkdZFHuhnp2gRlrJSKHVzHndhMyUegd68d2V/m'),
(13, 'test5', NULL, 'Active', 1, '2024-11-29 09:36:04', 'test5', '$2b$10$YMHce31xC8gdJ5lhZ8DexuYOYqVV4byyMnvddcT892QyVibepOIYC');

-- --------------------------------------------------------

--
-- Table structure for table `warehouse`
--

CREATE TABLE `warehouse` (
  `id` int(11) NOT NULL,
  `warehouse_name` varchar(255) NOT NULL,
  `warehouse_location` varchar(255) NOT NULL
) ENGINE=InnoDB DEFAULT CHARSET=utf8mb4 COLLATE=utf8mb4_general_ci;

--
-- Dumping data for table `warehouse`
--

INSERT INTO `warehouse` (`id`, `warehouse_name`, `warehouse_location`) VALUES
(1, ' No. 89', 'နံပါတ် ၈၉၊ ပန်းဆိုး မြို့နယ်၊ ရန်ကုန်၊ မြန်မာ'),
(2, ' No. 42', 'နံပါတ် ၄၂၊ အရှေ့ဒဂုံ မြို့နယ်၊ ရန်ကုန်၊ မြန်မာ'),
(4, 'နံပါတ် ၇၈', 'သီရိမင်္ဂလာ စက်မှုဇုန်၊ မြို့နယ်၊ ရန်ကုန်၊ မြန်မာ'),
(5, ' No. 56', 'Mingalardon Industrial Park, Mingalardon Township, Yangon, Myanmar'),
(6, ' နံပါတ် ၂၅', 'စက်မှုဇုန် ၃၊ ရွှေပြည် သာ မြို့နယ်၊ ရန်ကုန်၊ မြန်မာ');

--
-- Indexes for dumped tables
--

--
-- Indexes for table `category`
--
ALTER TABLE `category`
  ADD PRIMARY KEY (`id`);

--
-- Indexes for table `color`
--
ALTER TABLE `color`
  ADD PRIMARY KEY (`id`);

--
-- Indexes for table `customers`
--
ALTER TABLE `customers`
  ADD PRIMARY KEY (`id`),
  ADD UNIQUE KEY `email` (`email`);

--
-- Indexes for table `inventory`
--
ALTER TABLE `inventory`
  ADD PRIMARY KEY (`id`),
  ADD KEY `warehouse_id` (`warehouse_id`);

--
-- Indexes for table `orders`
--
ALTER TABLE `orders`
  ADD PRIMARY KEY (`id`),
  ADD KEY `customer_id` (`customer_id`),
  ADD KEY `product_id` (`product_id`);

--
-- Indexes for table `pcs_per_box`
--
ALTER TABLE `pcs_per_box`
  ADD PRIMARY KEY (`id`),
  ADD UNIQUE KEY `pcs_per_box` (`pcs_per_box`);

--
-- Indexes for table `permissions`
--
ALTER TABLE `permissions`
  ADD PRIMARY KEY (`id`);

--
-- Indexes for table `photo`
--
ALTER TABLE `photo`
  ADD PRIMARY KEY (`id`);

--
-- Indexes for table `prices`
--
ALTER TABLE `prices`
  ADD PRIMARY KEY (`id`);

--
-- Indexes for table `product`
--
ALTER TABLE `product`
  ADD PRIMARY KEY (`id`),
  ADD KEY `type_id` (`type_id`),
  ADD KEY `color_id` (`color_id`),
  ADD KEY `fk_product_category` (`category_id`);

--
-- Indexes for table `product_colors`
--
ALTER TABLE `product_colors`
  ADD PRIMARY KEY (`product_id`,`color_id`),
  ADD KEY `color_id` (`color_id`);

--
-- Indexes for table `product_pcs_per_box`
--
ALTER TABLE `product_pcs_per_box`
  ADD PRIMARY KEY (`product_id`,`pcs_per_box_id`),
  ADD KEY `pcs_per_box_id` (`pcs_per_box_id`);

--
-- Indexes for table `product_prices`
--
ALTER TABLE `product_prices`
  ADD PRIMARY KEY (`product_id`,`price_id`),
  ADD KEY `price_id` (`price_id`);

--
-- Indexes for table `product_warehouse`
--
ALTER TABLE `product_warehouse`
  ADD PRIMARY KEY (`product_id`,`warehouse_id`),
  ADD KEY `warehouse_id` (`warehouse_id`);

--
-- Indexes for table `raw_material`
--
ALTER TABLE `raw_material`
  ADD PRIMARY KEY (`id`);

--
-- Indexes for table `roles`
--
ALTER TABLE `roles`
  ADD PRIMARY KEY (`id`);

--
-- Indexes for table `role_permissions`
--
ALTER TABLE `role_permissions`
  ADD PRIMARY KEY (`id`),
  ADD KEY `role_id` (`role_id`),
  ADD KEY `permission_id` (`permission_id`);

--
-- Indexes for table `stock_logs`
--
ALTER TABLE `stock_logs`
  ADD PRIMARY KEY (`id`),
  ADD KEY `product_id` (`product_id`);

--
-- Indexes for table `suppliers`
--
ALTER TABLE `suppliers`
  ADD PRIMARY KEY (`id`);

--
-- Indexes for table `type`
--
ALTER TABLE `type`
  ADD PRIMARY KEY (`id`);

--
-- Indexes for table `users`
--
ALTER TABLE `users`
  ADD PRIMARY KEY (`id`);

--
-- Indexes for table `warehouse`
--
ALTER TABLE `warehouse`
  ADD PRIMARY KEY (`id`);

--
-- AUTO_INCREMENT for dumped tables
--

--
-- AUTO_INCREMENT for table `category`
--
ALTER TABLE `category`
  MODIFY `id` int(11) NOT NULL AUTO_INCREMENT, AUTO_INCREMENT=10;

--
-- AUTO_INCREMENT for table `color`
--
ALTER TABLE `color`
  MODIFY `id` int(11) NOT NULL AUTO_INCREMENT, AUTO_INCREMENT=46;

--
-- AUTO_INCREMENT for table `customers`
--
ALTER TABLE `customers`
  MODIFY `id` int(11) NOT NULL AUTO_INCREMENT, AUTO_INCREMENT=15;

--
-- AUTO_INCREMENT for table `inventory`
--
ALTER TABLE `inventory`
  MODIFY `id` int(11) NOT NULL AUTO_INCREMENT, AUTO_INCREMENT=21;

--
-- AUTO_INCREMENT for table `orders`
--
ALTER TABLE `orders`
  MODIFY `id` int(11) NOT NULL AUTO_INCREMENT, AUTO_INCREMENT=37;

--
-- AUTO_INCREMENT for table `pcs_per_box`
--
ALTER TABLE `pcs_per_box`
  MODIFY `id` int(11) NOT NULL AUTO_INCREMENT, AUTO_INCREMENT=6;

--
-- AUTO_INCREMENT for table `permissions`
--
ALTER TABLE `permissions`
  MODIFY `id` int(11) NOT NULL AUTO_INCREMENT;

--
-- AUTO_INCREMENT for table `photo`
--
ALTER TABLE `photo`
  MODIFY `id` int(11) NOT NULL AUTO_INCREMENT, AUTO_INCREMENT=353;

--
-- AUTO_INCREMENT for table `prices`
--
ALTER TABLE `prices`
  MODIFY `id` int(11) NOT NULL AUTO_INCREMENT, AUTO_INCREMENT=87;

--
-- AUTO_INCREMENT for table `product`
--
ALTER TABLE `product`
  MODIFY `id` int(11) NOT NULL AUTO_INCREMENT, AUTO_INCREMENT=50529;

--
-- AUTO_INCREMENT for table `raw_material`
--
ALTER TABLE `raw_material`
  MODIFY `id` int(11) NOT NULL AUTO_INCREMENT, AUTO_INCREMENT=42;

--
-- AUTO_INCREMENT for table `roles`
--
ALTER TABLE `roles`
  MODIFY `id` int(11) NOT NULL AUTO_INCREMENT, AUTO_INCREMENT=27;

--
-- AUTO_INCREMENT for table `role_permissions`
--
ALTER TABLE `role_permissions`
  MODIFY `id` int(11) NOT NULL AUTO_INCREMENT, AUTO_INCREMENT=2;

--
-- AUTO_INCREMENT for table `stock_logs`
--
ALTER TABLE `stock_logs`
  MODIFY `id` int(11) NOT NULL AUTO_INCREMENT, AUTO_INCREMENT=19;

--
-- AUTO_INCREMENT for table `suppliers`
--
ALTER TABLE `suppliers`
  MODIFY `id` int(11) NOT NULL AUTO_INCREMENT, AUTO_INCREMENT=50022;

--
-- AUTO_INCREMENT for table `type`
--
ALTER TABLE `type`
  MODIFY `id` int(11) NOT NULL AUTO_INCREMENT, AUTO_INCREMENT=17;

--
-- AUTO_INCREMENT for table `users`
--
ALTER TABLE `users`
  MODIFY `id` int(11) NOT NULL AUTO_INCREMENT, AUTO_INCREMENT=14;

--
-- AUTO_INCREMENT for table `warehouse`
--
ALTER TABLE `warehouse`
  MODIFY `id` int(11) NOT NULL AUTO_INCREMENT, AUTO_INCREMENT=7;

--
-- Constraints for dumped tables
--

--
-- Constraints for table `orders`
--
ALTER TABLE `orders`
  ADD CONSTRAINT `orders_ibfk_1` FOREIGN KEY (`customer_id`) REFERENCES `customers` (`id`),
  ADD CONSTRAINT `orders_ibfk_2` FOREIGN KEY (`product_id`) REFERENCES `product` (`id`);

--
-- Constraints for table `product`
--
ALTER TABLE `product`
  ADD CONSTRAINT `fk_product_category` FOREIGN KEY (`category_id`) REFERENCES `category` (`id`) ON DELETE SET NULL,
  ADD CONSTRAINT `product_ibfk_1` FOREIGN KEY (`type_id`) REFERENCES `type` (`id`),
  ADD CONSTRAINT `product_ibfk_2` FOREIGN KEY (`color_id`) REFERENCES `color` (`id`);

--
-- Constraints for table `product_colors`
--
ALTER TABLE `product_colors`
  ADD CONSTRAINT `product_colors_ibfk_1` FOREIGN KEY (`product_id`) REFERENCES `product` (`id`),
  ADD CONSTRAINT `product_colors_ibfk_2` FOREIGN KEY (`color_id`) REFERENCES `color` (`id`);

--
-- Constraints for table `product_pcs_per_box`
--
ALTER TABLE `product_pcs_per_box`
  ADD CONSTRAINT `product_pcs_per_box_ibfk_1` FOREIGN KEY (`product_id`) REFERENCES `product` (`id`),
  ADD CONSTRAINT `product_pcs_per_box_ibfk_2` FOREIGN KEY (`pcs_per_box_id`) REFERENCES `pcs_per_box` (`id`);

--
-- Constraints for table `product_prices`
--
ALTER TABLE `product_prices`
  ADD CONSTRAINT `product_prices_ibfk_1` FOREIGN KEY (`product_id`) REFERENCES `product` (`id`),
  ADD CONSTRAINT `product_prices_ibfk_2` FOREIGN KEY (`price_id`) REFERENCES `prices` (`id`);

--
-- Constraints for table `product_warehouse`
--
ALTER TABLE `product_warehouse`
  ADD CONSTRAINT `product_warehouse_ibfk_1` FOREIGN KEY (`product_id`) REFERENCES `product` (`id`),
  ADD CONSTRAINT `product_warehouse_ibfk_2` FOREIGN KEY (`warehouse_id`) REFERENCES `warehouse` (`id`);

--
-- Constraints for table `role_permissions`
--
ALTER TABLE `role_permissions`
  ADD CONSTRAINT `role_permissions_ibfk_1` FOREIGN KEY (`role_id`) REFERENCES `roles` (`id`),
  ADD CONSTRAINT `role_permissions_ibfk_2` FOREIGN KEY (`permission_id`) REFERENCES `permissions` (`id`);

--
-- Constraints for table `stock_logs`
--
ALTER TABLE `stock_logs`
  ADD CONSTRAINT `stock_logs_ibfk_1` FOREIGN KEY (`product_id`) REFERENCES `product` (`id`) ON DELETE CASCADE;
COMMIT;

/*!40101 SET CHARACTER_SET_CLIENT=@OLD_CHARACTER_SET_CLIENT */;
/*!40101 SET CHARACTER_SET_RESULTS=@OLD_CHARACTER_SET_RESULTS */;
/*!40101 SET COLLATION_CONNECTION=@OLD_COLLATION_CONNECTION */;
